-- phpMyAdmin SQL Dump
-- version 4.2.7.1
-- http://www.phpmyadmin.net
--
-- Host: 127.0.0.1
-- Generation Time: Feb 09, 2016 at 11:33 AM
-- Server version: 5.6.20
-- PHP Version: 5.5.15

SET SQL_MODE = "NO_AUTO_VALUE_ON_ZERO";
SET time_zone = "+00:00";


/*!40101 SET @OLD_CHARACTER_SET_CLIENT=@@CHARACTER_SET_CLIENT */;
/*!40101 SET @OLD_CHARACTER_SET_RESULTS=@@CHARACTER_SET_RESULTS */;
/*!40101 SET @OLD_COLLATION_CONNECTION=@@COLLATION_CONNECTION */;
/*!40101 SET NAMES utf8 */;

--
-- Database: `attsys_db`
--

-- --------------------------------------------------------

--
-- Table structure for table `absent`
--

CREATE TABLE IF NOT EXISTS `absent` (
  `member_id` varchar(36) CHARACTER SET latin1 COLLATE latin1_general_ci NOT NULL,
  `date` date NOT NULL,
  `deleted_flag` tinyint(1) NOT NULL DEFAULT '0'
) ENGINE=InnoDB DEFAULT CHARSET=utf8 COLLATE=utf8_unicode_ci;

-- --------------------------------------------------------

--
-- Table structure for table `allowances`
--

CREATE TABLE IF NOT EXISTS `allowances` (
  `allowance_id` varchar(36) CHARACTER SET latin1 COLLATE latin1_general_ci NOT NULL,
  `allowance_name` varchar(36) COLLATE utf8_unicode_ci NOT NULL,
  `allowance_amount` double NOT NULL,
  `creator_id` varchar(36) COLLATE utf8_unicode_ci DEFAULT NULL,
  `created_dt` datetime DEFAULT NULL,
  `updater_id` varchar(36) CHARACTER SET latin1 COLLATE latin1_general_ci DEFAULT NULL,
  `updated_dt` datetime DEFAULT NULL,
  `deleted_flag` tinyint(1) NOT NULL DEFAULT '0'
) ENGINE=InnoDB DEFAULT CHARSET=utf8 COLLATE=utf8_unicode_ci;

--
-- Dumping data for table `allowances`
--

INSERT INTO `allowances` (`allowance_id`, `allowance_name`, `allowance_amount`, `creator_id`, `created_dt`, `updater_id`, `updated_dt`, `deleted_flag`) VALUES
('4a53fcdc-3d17-11e5-b0fa-00ff56603869', 'service year allowance', 25000, '', '2015-08-07 00:00:00', '', '0000-00-00 00:00:00', 0),
('4a54bc11-3d17-11e5-b0fa-00ff56603869', 'customer site allowance', 25000, '', '2015-08-07 00:00:00', '', '0000-00-00 00:00:00', 0),
('4ddb9efa-5646-11e5-b9ce-ebe9cc45f2ef', 'full attendance', 20000, 'admin', '2015-09-01 00:00:00', NULL, NULL, 0),
('995a94bf-422e-11e5-8238-31068db1cef7', 'Allowance A', 10000, '', '2015-08-14 04:46:01', '', '0000-00-00 00:00:00', 0),
('ed66a9f8-9f12-11e5-b637-4c3488333b45', 'medical allowance', 15000, NULL, '2015-12-10 08:52:14', NULL, NULL, 0);

-- --------------------------------------------------------

--
-- Table structure for table `attendances`
--

CREATE TABLE IF NOT EXISTS `attendances` (
`id` int(11) NOT NULL,
  `member_id` varchar(36) CHARACTER SET latin1 COLLATE latin1_general_ci NOT NULL,
  `att_date` date NOT NULL,
  `checkin_time` datetime NOT NULL,
  `checkout_time` datetime DEFAULT NULL,
  `overtime` double DEFAULT NULL,
  `notes` text COLLATE utf8_unicode_ci,
  `lat` double DEFAULT NULL,
  `lng` double DEFAULT NULL,
  `location` varchar(36) COLLATE utf8_unicode_ci DEFAULT NULL,
  `noti_id` varchar(36) COLLATE utf8_unicode_ci NOT NULL,
  `status` tinyint(1) NOT NULL,
  `module_name` varchar(36) COLLATE utf8_unicode_ci NOT NULL DEFAULT 'attendances',
  `creator_id` varchar(36) COLLATE utf8_unicode_ci DEFAULT NULL,
  `created_dt` datetime DEFAULT NULL,
  `updater_id` varchar(36) CHARACTER SET latin1 COLLATE latin1_general_ci DEFAULT NULL,
  `updated_dt` datetime DEFAULT NULL,
  `deleted_flag` tinyint(1) NOT NULL DEFAULT '0'
) ENGINE=InnoDB  DEFAULT CHARSET=utf8 COLLATE=utf8_unicode_ci AUTO_INCREMENT=1078 ;

--
-- Dumping data for table `attendances`
--

INSERT INTO `attendances` (`id`, `member_id`, `att_date`, `checkin_time`, `checkout_time`, `overtime`, `notes`, `lat`, `lng`, `location`, `noti_id`, `status`, `module_name`, `creator_id`, `created_dt`, `updater_id`, `updated_dt`, `deleted_flag`) VALUES
(735, '2a1e1f13-c898-11e5-9e13-4c3488333b45', '2015-04-01', '2015-04-01 08:00:00', '2015-04-01 17:00:00', NULL, NULL, NULL, NULL, NULL, '', 0, 'attendances', NULL, NULL, NULL, NULL, 0),
(736, '76efdcbe-c897-11e5-9e13-4c3488333b45', '2015-04-01', '2015-04-01 08:00:00', '2015-04-01 17:00:00', NULL, NULL, NULL, NULL, NULL, '', 0, 'attendances', NULL, NULL, NULL, NULL, 0),
(737, 'be928920-c898-11e5-9e13-4c3488333b45', '2015-04-01', '2015-04-01 08:00:00', '2015-04-01 17:00:00', NULL, NULL, NULL, NULL, NULL, '', 0, 'attendances', NULL, NULL, NULL, NULL, 0),
(738, '4a83516d-c898-11e5-9e13-4c3488333b45', '2015-04-01', '2015-04-01 08:00:00', '2015-04-01 17:00:00', NULL, NULL, NULL, NULL, NULL, '', 0, 'attendances', NULL, NULL, NULL, NULL, 0),
(739, 'b1ec0e82-c897-11e5-9e13-4c3488333b45', '2015-04-01', '2015-04-01 08:00:00', '2015-04-01 17:00:00', NULL, NULL, NULL, NULL, NULL, '', 0, 'attendances', NULL, NULL, NULL, NULL, 0),
(740, 'efba9bad-c898-11e5-9e13-4c3488333b45', '2015-04-01', '2015-04-01 08:00:00', '2015-04-01 17:00:00', NULL, NULL, NULL, NULL, NULL, '', 0, 'attendances', NULL, NULL, NULL, NULL, 0),
(741, 'ea40e328-c897-11e5-9e13-4c3488333b45', '2015-04-01', '2015-04-01 08:00:00', '2015-04-01 17:00:00', NULL, NULL, NULL, NULL, NULL, '', 0, 'attendances', NULL, NULL, NULL, NULL, 0),
(742, 'ea40e328-c897-11e5-9e13-4c3488333b45', '2015-04-29', '0000-00-00 00:00:00', NULL, NULL, NULL, NULL, NULL, NULL, '', 2, 'attendances', NULL, NULL, NULL, NULL, 0),
(743, '2a1e1f13-c898-11e5-9e13-4c3488333b45', '2015-05-04', '2015-05-04 08:00:00', '2015-05-04 17:00:00', NULL, NULL, NULL, NULL, NULL, '', 0, 'attendances', NULL, NULL, NULL, NULL, 0),
(744, '76efdcbe-c897-11e5-9e13-4c3488333b45', '2015-05-04', '2015-05-04 08:00:00', '2015-05-04 17:00:00', NULL, NULL, NULL, NULL, NULL, '', 0, 'attendances', NULL, NULL, NULL, NULL, 0),
(745, 'be928920-c898-11e5-9e13-4c3488333b45', '2015-05-04', '2015-05-04 08:00:00', '2015-05-04 17:00:00', NULL, NULL, NULL, NULL, NULL, '', 0, 'attendances', NULL, NULL, NULL, NULL, 0),
(746, '4a83516d-c898-11e5-9e13-4c3488333b45', '2015-05-04', '2015-05-04 08:00:00', '2015-05-04 17:00:00', NULL, NULL, NULL, NULL, NULL, '', 0, 'attendances', NULL, NULL, NULL, NULL, 0),
(747, 'b1ec0e82-c897-11e5-9e13-4c3488333b45', '2015-05-04', '2015-05-04 08:00:00', '2015-05-04 17:00:00', NULL, NULL, NULL, NULL, NULL, '', 0, 'attendances', NULL, NULL, NULL, NULL, 0),
(748, 'efba9bad-c898-11e5-9e13-4c3488333b45', '2015-05-04', '2015-05-04 08:00:00', '2015-05-04 17:00:00', NULL, NULL, NULL, NULL, NULL, '', 0, 'attendances', NULL, NULL, NULL, NULL, 0),
(749, 'ea40e328-c897-11e5-9e13-4c3488333b45', '2015-05-04', '2015-05-04 08:00:00', '2015-05-04 17:00:00', NULL, NULL, NULL, NULL, NULL, '', 0, 'attendances', NULL, NULL, NULL, NULL, 0),
(750, '7913e45c-c898-11e5-9e13-4c3488333b45', '2015-05-04', '2015-05-04 08:00:00', '2015-05-04 17:00:00', NULL, NULL, NULL, NULL, NULL, '', 0, 'attendances', NULL, NULL, NULL, NULL, 0),
(751, '567b46b4-c899-11e5-9e13-4c3488333b45', '2015-05-04', '2015-05-04 08:00:00', '2015-05-04 17:00:00', NULL, NULL, NULL, NULL, NULL, '', 0, 'attendances', NULL, NULL, NULL, NULL, 0),
(752, 'e99d4add-c896-11e5-9e13-4c3488333b45', '2015-05-04', '2015-05-04 08:00:00', '2015-05-04 17:00:00', NULL, NULL, NULL, NULL, NULL, '', 0, 'attendances', NULL, NULL, NULL, NULL, 0),
(753, '1bb75245-c899-11e5-9e13-4c3488333b45', '2015-05-04', '2015-05-04 08:00:00', '2015-05-04 17:00:00', NULL, NULL, NULL, NULL, NULL, '', 0, 'attendances', NULL, NULL, NULL, NULL, 0),
(754, '1b7ddc0a-c897-11e5-9e13-4c3488333b45', '2015-05-04', '2015-05-04 08:00:00', '2015-05-04 17:00:00', NULL, NULL, NULL, NULL, NULL, '', 0, 'attendances', NULL, NULL, NULL, NULL, 0),
(755, 'ea40e328-c897-11e5-9e13-4c3488333b45', '2015-05-06', '0000-00-00 00:00:00', NULL, NULL, NULL, NULL, NULL, NULL, '', 2, 'attendances', NULL, NULL, NULL, NULL, 0),
(756, 'ea40e328-c897-11e5-9e13-4c3488333b45', '2015-05-11', '0000-00-00 00:00:00', NULL, NULL, NULL, NULL, NULL, NULL, '', 2, 'attendances', NULL, NULL, NULL, NULL, 0),
(757, 'ea40e328-c897-11e5-9e13-4c3488333b45', '2015-05-15', '0000-00-00 00:00:00', NULL, NULL, NULL, NULL, NULL, NULL, '', 2, 'attendances', NULL, NULL, NULL, NULL, 0),
(758, 'ea40e328-c897-11e5-9e13-4c3488333b45', '2015-05-25', '0000-00-00 00:00:00', NULL, NULL, NULL, NULL, NULL, NULL, '', 2, 'attendances', NULL, NULL, NULL, NULL, 0),
(759, '2a1e1f13-c898-11e5-9e13-4c3488333b45', '2015-06-01', '2015-06-01 08:00:00', '2015-06-01 17:00:00', NULL, NULL, NULL, NULL, NULL, '', 0, 'attendances', NULL, NULL, NULL, NULL, 0),
(760, '76efdcbe-c897-11e5-9e13-4c3488333b45', '2015-06-01', '2015-06-01 08:00:00', '2015-06-01 17:00:00', NULL, NULL, NULL, NULL, NULL, '', 0, 'attendances', NULL, NULL, NULL, NULL, 0),
(761, 'be928920-c898-11e5-9e13-4c3488333b45', '2015-06-01', '2015-06-01 08:00:00', '2015-06-01 17:00:00', NULL, NULL, NULL, NULL, NULL, '', 0, 'attendances', NULL, NULL, NULL, NULL, 0),
(762, '4a83516d-c898-11e5-9e13-4c3488333b45', '2015-06-01', '2015-06-01 08:00:00', '2015-06-01 17:00:00', NULL, NULL, NULL, NULL, NULL, '', 0, 'attendances', NULL, NULL, NULL, NULL, 0),
(763, 'b1ec0e82-c897-11e5-9e13-4c3488333b45', '2015-06-01', '2015-06-01 08:00:00', '2015-06-01 17:00:00', NULL, NULL, NULL, NULL, NULL, '', 0, 'attendances', NULL, NULL, NULL, NULL, 0),
(764, 'efba9bad-c898-11e5-9e13-4c3488333b45', '2015-06-01', '2015-06-01 08:00:00', '2015-06-01 17:00:00', NULL, NULL, NULL, NULL, NULL, '', 0, 'attendances', NULL, NULL, NULL, NULL, 0),
(765, 'ea40e328-c897-11e5-9e13-4c3488333b45', '2015-06-01', '2015-06-01 08:00:00', '2015-06-01 17:00:00', NULL, NULL, NULL, NULL, NULL, '', 0, 'attendances', NULL, NULL, NULL, NULL, 0),
(766, '7913e45c-c898-11e5-9e13-4c3488333b45', '2015-06-01', '2015-06-01 08:00:00', '2015-06-01 17:00:00', NULL, NULL, NULL, NULL, NULL, '', 0, 'attendances', NULL, NULL, NULL, NULL, 0),
(767, '567b46b4-c899-11e5-9e13-4c3488333b45', '2015-06-01', '2015-06-01 08:00:00', '2015-06-01 17:00:00', NULL, NULL, NULL, NULL, NULL, '', 0, 'attendances', NULL, NULL, NULL, NULL, 0),
(768, 'e99d4add-c896-11e5-9e13-4c3488333b45', '2015-06-01', '2015-06-01 08:00:00', '2015-06-01 17:00:00', NULL, NULL, NULL, NULL, NULL, '', 0, 'attendances', NULL, NULL, NULL, NULL, 0),
(769, '1bb75245-c899-11e5-9e13-4c3488333b45', '2015-06-01', '2015-06-01 08:00:00', '2015-06-01 17:00:00', NULL, NULL, NULL, NULL, NULL, '', 0, 'attendances', NULL, NULL, NULL, NULL, 0),
(770, '1b7ddc0a-c897-11e5-9e13-4c3488333b45', '2015-06-01', '2015-06-01 08:00:00', '2015-06-01 17:00:00', NULL, NULL, NULL, NULL, NULL, '', 0, 'attendances', NULL, NULL, NULL, NULL, 0),
(771, 'ea40e328-c897-11e5-9e13-4c3488333b45', '2015-06-04', '0000-00-00 00:00:00', NULL, NULL, NULL, NULL, NULL, NULL, '', 2, 'attendances', NULL, NULL, NULL, NULL, 0),
(772, 'ea40e328-c897-11e5-9e13-4c3488333b45', '2015-06-16', '0000-00-00 00:00:00', NULL, NULL, NULL, NULL, NULL, NULL, '', 2, 'attendances', NULL, NULL, NULL, NULL, 0),
(773, 'ea40e328-c897-11e5-9e13-4c3488333b45', '2015-06-15', '0000-00-00 00:00:00', NULL, NULL, NULL, NULL, NULL, NULL, '', 2, 'attendances', NULL, NULL, NULL, NULL, 0),
(774, '2a1e1f13-c898-11e5-9e13-4c3488333b45', '2015-07-01', '2015-07-01 08:00:00', '2015-07-01 17:00:00', NULL, NULL, NULL, NULL, NULL, '', 0, 'attendances', NULL, NULL, NULL, NULL, 0),
(775, '76efdcbe-c897-11e5-9e13-4c3488333b45', '2015-07-01', '2015-07-01 08:00:00', '2015-07-01 17:00:00', NULL, NULL, NULL, NULL, NULL, '', 0, 'attendances', NULL, NULL, NULL, NULL, 0),
(776, 'be928920-c898-11e5-9e13-4c3488333b45', '2015-07-01', '2015-07-01 08:00:00', '2015-07-01 17:00:00', NULL, NULL, NULL, NULL, NULL, '', 0, 'attendances', NULL, NULL, NULL, NULL, 0),
(777, '4a83516d-c898-11e5-9e13-4c3488333b45', '2015-07-01', '2015-07-01 08:00:00', '2015-07-01 17:00:00', NULL, NULL, NULL, NULL, NULL, '', 0, 'attendances', NULL, NULL, NULL, NULL, 0),
(778, 'b1ec0e82-c897-11e5-9e13-4c3488333b45', '2015-07-01', '2015-07-01 08:00:00', '2015-07-01 17:00:00', NULL, NULL, NULL, NULL, NULL, '', 0, 'attendances', NULL, NULL, NULL, NULL, 0),
(779, 'efba9bad-c898-11e5-9e13-4c3488333b45', '2015-07-01', '2015-07-01 08:00:00', '2015-07-01 17:00:00', NULL, NULL, NULL, NULL, NULL, '', 0, 'attendances', NULL, NULL, NULL, NULL, 0),
(780, 'ea40e328-c897-11e5-9e13-4c3488333b45', '2015-07-01', '2015-07-01 08:00:00', '2015-07-01 17:00:00', NULL, NULL, NULL, NULL, NULL, '', 0, 'attendances', NULL, NULL, NULL, NULL, 0),
(781, '7913e45c-c898-11e5-9e13-4c3488333b45', '2015-07-01', '2015-07-01 08:00:00', '2015-07-01 17:00:00', NULL, NULL, NULL, NULL, NULL, '', 0, 'attendances', NULL, NULL, NULL, NULL, 0),
(782, '567b46b4-c899-11e5-9e13-4c3488333b45', '2015-07-01', '2015-07-01 08:00:00', '2015-07-01 17:00:00', NULL, NULL, NULL, NULL, NULL, '', 0, 'attendances', NULL, NULL, NULL, NULL, 0),
(783, 'e99d4add-c896-11e5-9e13-4c3488333b45', '2015-07-01', '2015-07-01 08:00:00', '2015-07-01 17:00:00', NULL, NULL, NULL, NULL, NULL, '', 0, 'attendances', NULL, NULL, NULL, NULL, 0),
(784, '1bb75245-c899-11e5-9e13-4c3488333b45', '2015-07-01', '2015-07-01 08:00:00', '2015-07-01 17:00:00', NULL, NULL, NULL, NULL, NULL, '', 0, 'attendances', NULL, NULL, NULL, NULL, 0),
(785, '1b7ddc0a-c897-11e5-9e13-4c3488333b45', '2015-07-01', '2015-07-01 08:00:00', '2015-07-01 17:00:00', NULL, NULL, NULL, NULL, NULL, '', 0, 'attendances', NULL, NULL, NULL, NULL, 0),
(786, 'ea40e328-c897-11e5-9e13-4c3488333b45', '2015-07-16', '0000-00-00 00:00:00', NULL, NULL, NULL, NULL, NULL, NULL, '', 2, 'attendances', NULL, NULL, NULL, NULL, 0),
(787, 'ea40e328-c897-11e5-9e13-4c3488333b45', '2015-07-17', '0000-00-00 00:00:00', NULL, NULL, NULL, NULL, NULL, NULL, '', 2, 'attendances', NULL, NULL, NULL, NULL, 0),
(788, 'ea40e328-c897-11e5-9e13-4c3488333b45', '2015-07-24', '0000-00-00 00:00:00', NULL, NULL, NULL, NULL, NULL, NULL, '', 2, 'attendances', NULL, NULL, NULL, NULL, 0),
(789, '2a1e1f13-c898-11e5-9e13-4c3488333b45', '2015-08-01', '2015-08-01 08:00:00', '2015-08-01 17:00:00', NULL, NULL, NULL, NULL, NULL, '', 0, 'attendances', NULL, NULL, NULL, NULL, 0),
(790, '76efdcbe-c897-11e5-9e13-4c3488333b45', '2015-08-01', '2015-08-01 08:00:00', '2015-08-01 17:00:00', NULL, NULL, NULL, NULL, NULL, '', 0, 'attendances', NULL, NULL, NULL, NULL, 0),
(791, 'be928920-c898-11e5-9e13-4c3488333b45', '2015-08-01', '2015-08-01 08:00:00', '2015-08-01 17:00:00', NULL, NULL, NULL, NULL, NULL, '', 0, 'attendances', NULL, NULL, NULL, NULL, 0),
(792, '4a83516d-c898-11e5-9e13-4c3488333b45', '2015-08-01', '2015-08-01 08:00:00', '2015-08-01 17:00:00', NULL, NULL, NULL, NULL, NULL, '', 0, 'attendances', NULL, NULL, NULL, NULL, 0),
(793, 'b1ec0e82-c897-11e5-9e13-4c3488333b45', '2015-08-01', '2015-08-01 08:00:00', '2015-08-01 17:00:00', NULL, NULL, NULL, NULL, NULL, '', 0, 'attendances', NULL, NULL, NULL, NULL, 0),
(794, 'efba9bad-c898-11e5-9e13-4c3488333b45', '2015-08-01', '2015-08-01 08:00:00', '2015-08-01 17:00:00', NULL, NULL, NULL, NULL, NULL, '', 0, 'attendances', NULL, NULL, NULL, NULL, 0),
(795, 'ea40e328-c897-11e5-9e13-4c3488333b45', '2015-08-01', '2015-08-01 08:00:00', '2015-08-01 17:00:00', NULL, NULL, NULL, NULL, NULL, '', 0, 'attendances', NULL, NULL, NULL, NULL, 0),
(796, '7913e45c-c898-11e5-9e13-4c3488333b45', '2015-08-01', '2015-08-01 08:00:00', '2015-08-01 17:00:00', NULL, NULL, NULL, NULL, NULL, '', 0, 'attendances', NULL, NULL, NULL, NULL, 0),
(797, '567b46b4-c899-11e5-9e13-4c3488333b45', '2015-08-01', '2015-08-01 08:00:00', '2015-08-01 17:00:00', NULL, NULL, NULL, NULL, NULL, '', 0, 'attendances', NULL, NULL, NULL, NULL, 0),
(798, 'e99d4add-c896-11e5-9e13-4c3488333b45', '2015-08-01', '2015-08-01 08:00:00', '2015-08-01 17:00:00', NULL, NULL, NULL, NULL, NULL, '', 0, 'attendances', NULL, NULL, NULL, NULL, 0),
(799, '1bb75245-c899-11e5-9e13-4c3488333b45', '2015-08-01', '2015-08-01 08:00:00', '2015-08-01 17:00:00', NULL, NULL, NULL, NULL, NULL, '', 0, 'attendances', NULL, NULL, NULL, NULL, 0),
(800, '1b7ddc0a-c897-11e5-9e13-4c3488333b45', '2015-08-01', '2015-08-01 08:00:00', '2015-08-01 17:00:00', NULL, NULL, NULL, NULL, NULL, '', 0, 'attendances', NULL, NULL, NULL, NULL, 0),
(801, 'ea40e328-c897-11e5-9e13-4c3488333b45', '2015-08-03', '0000-00-00 00:00:00', NULL, NULL, NULL, NULL, NULL, NULL, '', 2, 'attendances', NULL, NULL, NULL, NULL, 0),
(802, 'ea40e328-c897-11e5-9e13-4c3488333b45', '2015-08-04', '0000-00-00 00:00:00', NULL, NULL, NULL, NULL, NULL, NULL, '', 2, 'attendances', NULL, NULL, NULL, NULL, 0),
(803, 'ea40e328-c897-11e5-9e13-4c3488333b45', '2015-08-10', '0000-00-00 00:00:00', NULL, NULL, NULL, NULL, NULL, NULL, '', 2, 'attendances', NULL, NULL, NULL, NULL, 0),
(804, 'ea40e328-c897-11e5-9e13-4c3488333b45', '2015-08-17', '0000-00-00 00:00:00', NULL, NULL, NULL, NULL, NULL, NULL, '', 2, 'attendances', NULL, NULL, NULL, NULL, 0),
(805, 'ea40e328-c897-11e5-9e13-4c3488333b45', '2015-08-18', '0000-00-00 00:00:00', NULL, NULL, NULL, NULL, NULL, NULL, '', 2, 'attendances', NULL, NULL, NULL, NULL, 0),
(806, 'ea40e328-c897-11e5-9e13-4c3488333b45', '2015-08-19', '0000-00-00 00:00:00', NULL, NULL, NULL, NULL, NULL, NULL, '', 2, 'attendances', NULL, NULL, NULL, NULL, 0),
(807, 'ea40e328-c897-11e5-9e13-4c3488333b45', '2015-08-26', '0000-00-00 00:00:00', NULL, NULL, NULL, NULL, NULL, NULL, '', 2, 'attendances', NULL, NULL, NULL, NULL, 0),
(808, '2a1e1f13-c898-11e5-9e13-4c3488333b45', '2015-09-01', '2015-09-01 08:00:00', '2015-09-01 17:00:00', NULL, NULL, NULL, NULL, NULL, '', 0, 'attendances', NULL, NULL, NULL, NULL, 0),
(809, '76efdcbe-c897-11e5-9e13-4c3488333b45', '2015-09-01', '2015-09-01 08:00:00', '2015-09-01 17:00:00', NULL, NULL, NULL, NULL, NULL, '', 0, 'attendances', NULL, NULL, NULL, NULL, 0),
(810, 'be928920-c898-11e5-9e13-4c3488333b45', '2015-09-01', '2015-09-01 08:00:00', '2015-09-01 17:00:00', NULL, NULL, NULL, NULL, NULL, '', 0, 'attendances', NULL, NULL, NULL, NULL, 0),
(811, '4a83516d-c898-11e5-9e13-4c3488333b45', '2015-09-01', '2015-09-01 08:00:00', '2015-09-01 17:00:00', NULL, NULL, NULL, NULL, NULL, '', 0, 'attendances', NULL, NULL, NULL, NULL, 0),
(812, 'b1ec0e82-c897-11e5-9e13-4c3488333b45', '2015-09-01', '2015-09-01 08:00:00', '2015-09-01 17:00:00', NULL, NULL, NULL, NULL, NULL, '', 0, 'attendances', NULL, NULL, NULL, NULL, 0),
(813, 'efba9bad-c898-11e5-9e13-4c3488333b45', '2015-09-01', '2015-09-01 08:00:00', '2015-09-01 17:00:00', NULL, NULL, NULL, NULL, NULL, '', 0, 'attendances', NULL, NULL, NULL, NULL, 0),
(814, 'ea40e328-c897-11e5-9e13-4c3488333b45', '2015-09-01', '2015-09-01 08:00:00', '2015-09-01 17:00:00', NULL, NULL, NULL, NULL, NULL, '', 0, 'attendances', NULL, NULL, NULL, NULL, 0),
(815, '7913e45c-c898-11e5-9e13-4c3488333b45', '2015-09-01', '2015-09-01 08:00:00', '2015-09-01 17:00:00', NULL, NULL, NULL, NULL, NULL, '', 0, 'attendances', NULL, NULL, NULL, NULL, 0),
(816, '567b46b4-c899-11e5-9e13-4c3488333b45', '2015-09-01', '2015-09-01 08:00:00', '2015-09-01 17:00:00', NULL, NULL, NULL, NULL, NULL, '', 0, 'attendances', NULL, NULL, NULL, NULL, 0),
(817, 'e99d4add-c896-11e5-9e13-4c3488333b45', '2015-09-01', '2015-09-01 08:00:00', '2015-09-01 17:00:00', NULL, NULL, NULL, NULL, NULL, '', 0, 'attendances', NULL, NULL, NULL, NULL, 0),
(818, '1bb75245-c899-11e5-9e13-4c3488333b45', '2015-09-01', '2015-09-01 08:00:00', '2015-09-01 17:00:00', NULL, NULL, NULL, NULL, NULL, '', 0, 'attendances', NULL, NULL, NULL, NULL, 0),
(819, '9bba90bc-c89a-11e5-9e13-4c3488333b45', '2015-09-01', '2015-09-01 08:00:00', '2015-09-01 17:00:00', NULL, NULL, NULL, NULL, NULL, '', 0, 'attendances', NULL, NULL, NULL, NULL, 0),
(820, '1b7ddc0a-c897-11e5-9e13-4c3488333b45', '2015-09-01', '2015-09-01 08:00:00', '2015-09-01 17:00:00', NULL, NULL, NULL, NULL, NULL, '', 0, 'attendances', NULL, NULL, NULL, NULL, 0),
(821, 'ea40e328-c897-11e5-9e13-4c3488333b45', '2015-09-07', '0000-00-00 00:00:00', NULL, NULL, NULL, NULL, NULL, NULL, '', 2, 'attendances', NULL, NULL, NULL, NULL, 0),
(822, 'ea40e328-c897-11e5-9e13-4c3488333b45', '2015-09-14', '0000-00-00 00:00:00', NULL, NULL, NULL, NULL, NULL, NULL, '', 2, 'attendances', NULL, NULL, NULL, NULL, 0),
(823, 'ea40e328-c897-11e5-9e13-4c3488333b45', '2015-09-15', '0000-00-00 00:00:00', NULL, NULL, NULL, NULL, NULL, NULL, '', 2, 'attendances', NULL, NULL, NULL, NULL, 0),
(824, '2a1e1f13-c898-11e5-9e13-4c3488333b45', '2015-10-01', '2015-10-01 08:00:00', '2015-10-01 17:00:00', NULL, NULL, NULL, NULL, NULL, '', 0, 'attendances', NULL, NULL, NULL, NULL, 0),
(825, '76efdcbe-c897-11e5-9e13-4c3488333b45', '2015-10-01', '2015-10-01 08:00:00', '2015-10-01 17:00:00', NULL, NULL, NULL, NULL, NULL, '', 0, 'attendances', NULL, NULL, NULL, NULL, 0),
(826, 'be928920-c898-11e5-9e13-4c3488333b45', '2015-10-01', '2015-10-01 08:00:00', '2015-10-01 17:00:00', NULL, NULL, NULL, NULL, NULL, '', 0, 'attendances', NULL, NULL, NULL, NULL, 0),
(827, '4a83516d-c898-11e5-9e13-4c3488333b45', '2015-10-01', '2015-10-01 08:00:00', '2015-10-01 17:00:00', NULL, NULL, NULL, NULL, NULL, '', 0, 'attendances', NULL, NULL, NULL, NULL, 0),
(828, 'b1ec0e82-c897-11e5-9e13-4c3488333b45', '2015-10-01', '2015-10-01 08:00:00', '2015-10-01 17:00:00', NULL, NULL, NULL, NULL, NULL, '', 0, 'attendances', NULL, NULL, NULL, NULL, 0),
(829, 'efba9bad-c898-11e5-9e13-4c3488333b45', '2015-10-01', '2015-10-01 08:00:00', '2015-10-01 17:00:00', NULL, NULL, NULL, NULL, NULL, '', 0, 'attendances', NULL, NULL, NULL, NULL, 0),
(830, 'ea40e328-c897-11e5-9e13-4c3488333b45', '2015-10-01', '2015-10-01 08:00:00', '2015-10-01 17:00:00', NULL, NULL, NULL, NULL, NULL, '', 0, 'attendances', NULL, NULL, NULL, NULL, 0),
(831, '7913e45c-c898-11e5-9e13-4c3488333b45', '2015-10-01', '2015-10-01 08:00:00', '2015-10-01 17:00:00', NULL, NULL, NULL, NULL, NULL, '', 0, 'attendances', NULL, NULL, NULL, NULL, 0),
(832, '567b46b4-c899-11e5-9e13-4c3488333b45', '2015-10-01', '2015-10-01 08:00:00', '2015-10-01 17:00:00', NULL, NULL, NULL, NULL, NULL, '', 0, 'attendances', NULL, NULL, NULL, NULL, 0),
(833, 'e99d4add-c896-11e5-9e13-4c3488333b45', '2015-10-01', '2015-10-01 08:00:00', '2015-10-01 17:00:00', NULL, NULL, NULL, NULL, NULL, '', 0, 'attendances', NULL, NULL, NULL, NULL, 0),
(834, '1bb75245-c899-11e5-9e13-4c3488333b45', '2015-10-01', '2015-10-01 08:00:00', '2015-10-01 17:00:00', NULL, NULL, NULL, NULL, NULL, '', 0, 'attendances', NULL, NULL, NULL, NULL, 0),
(835, '9bba90bc-c89a-11e5-9e13-4c3488333b45', '2015-10-01', '2015-10-01 08:00:00', '2015-10-01 17:00:00', NULL, NULL, NULL, NULL, NULL, '', 0, 'attendances', NULL, NULL, NULL, NULL, 0),
(836, '1b7ddc0a-c897-11e5-9e13-4c3488333b45', '2015-10-01', '2015-10-01 08:00:00', '2015-10-01 17:00:00', NULL, NULL, NULL, NULL, NULL, '', 0, 'attendances', NULL, NULL, NULL, NULL, 0),
(837, 'ea40e328-c897-11e5-9e13-4c3488333b45', '2015-10-05', '0000-00-00 00:00:00', NULL, NULL, NULL, NULL, NULL, NULL, '', 2, 'attendances', NULL, NULL, NULL, NULL, 0),
(838, 'ea40e328-c897-11e5-9e13-4c3488333b45', '2015-10-06', '0000-00-00 00:00:00', NULL, NULL, NULL, NULL, NULL, NULL, '', 2, 'attendances', NULL, NULL, NULL, NULL, 0),
(839, 'ea40e328-c897-11e5-9e13-4c3488333b45', '2015-10-09', '0000-00-00 00:00:00', NULL, NULL, NULL, NULL, NULL, NULL, '', 2, 'attendances', NULL, NULL, NULL, NULL, 0),
(840, 'ea40e328-c897-11e5-9e13-4c3488333b45', '2015-10-12', '0000-00-00 00:00:00', NULL, NULL, NULL, NULL, NULL, NULL, '', 2, 'attendances', NULL, NULL, NULL, NULL, 0),
(841, 'ea40e328-c897-11e5-9e13-4c3488333b45', '2015-10-19', '0000-00-00 00:00:00', NULL, NULL, NULL, NULL, NULL, NULL, '', 2, 'attendances', NULL, NULL, NULL, NULL, 0),
(842, '2a1e1f13-c898-11e5-9e13-4c3488333b45', '2015-11-01', '2015-11-01 08:00:00', '2015-11-01 17:00:00', NULL, NULL, NULL, NULL, NULL, '', 0, 'attendances', NULL, NULL, NULL, NULL, 0),
(843, '76efdcbe-c897-11e5-9e13-4c3488333b45', '2015-11-01', '2015-11-01 08:00:00', '2015-11-01 17:00:00', NULL, NULL, NULL, NULL, NULL, '', 0, 'attendances', NULL, NULL, NULL, NULL, 0),
(844, 'be928920-c898-11e5-9e13-4c3488333b45', '2015-11-01', '2015-11-01 08:00:00', '2015-11-01 17:00:00', NULL, NULL, NULL, NULL, NULL, '', 0, 'attendances', NULL, NULL, NULL, NULL, 0),
(845, '4a83516d-c898-11e5-9e13-4c3488333b45', '2015-11-01', '2015-11-01 08:00:00', '2015-11-01 17:00:00', NULL, NULL, NULL, NULL, NULL, '', 0, 'attendances', NULL, NULL, NULL, NULL, 0),
(846, 'b1ec0e82-c897-11e5-9e13-4c3488333b45', '2015-11-01', '2015-11-01 08:00:00', '2015-11-01 17:00:00', NULL, NULL, NULL, NULL, NULL, '', 0, 'attendances', NULL, NULL, NULL, NULL, 0),
(847, 'efba9bad-c898-11e5-9e13-4c3488333b45', '2015-11-01', '2015-11-01 08:00:00', '2015-11-01 17:00:00', NULL, NULL, NULL, NULL, NULL, '', 0, 'attendances', NULL, NULL, NULL, NULL, 0),
(848, 'ea40e328-c897-11e5-9e13-4c3488333b45', '2015-11-01', '2015-11-01 08:00:00', '2015-11-01 17:00:00', NULL, NULL, NULL, NULL, NULL, '', 0, 'attendances', NULL, NULL, NULL, NULL, 0),
(849, '7913e45c-c898-11e5-9e13-4c3488333b45', '2015-11-01', '2015-11-01 08:00:00', '2015-11-01 17:00:00', NULL, NULL, NULL, NULL, NULL, '', 0, 'attendances', NULL, NULL, NULL, NULL, 0),
(850, '567b46b4-c899-11e5-9e13-4c3488333b45', '2015-11-01', '2015-11-01 08:00:00', '2015-11-01 17:00:00', NULL, NULL, NULL, NULL, NULL, '', 0, 'attendances', NULL, NULL, NULL, NULL, 0),
(851, 'e99d4add-c896-11e5-9e13-4c3488333b45', '2015-11-01', '2015-11-01 08:00:00', '2015-11-01 17:00:00', NULL, NULL, NULL, NULL, NULL, '', 0, 'attendances', NULL, NULL, NULL, NULL, 0),
(852, '1bb75245-c899-11e5-9e13-4c3488333b45', '2015-11-01', '2015-11-01 08:00:00', '2015-11-01 17:00:00', NULL, NULL, NULL, NULL, NULL, '', 0, 'attendances', NULL, NULL, NULL, NULL, 0),
(853, '9bba90bc-c89a-11e5-9e13-4c3488333b45', '2015-11-01', '2015-11-01 08:00:00', '2015-11-01 17:00:00', NULL, NULL, NULL, NULL, NULL, '', 0, 'attendances', NULL, NULL, NULL, NULL, 0),
(854, '1b7ddc0a-c897-11e5-9e13-4c3488333b45', '2015-11-01', '2015-11-01 08:00:00', '2015-11-01 17:00:00', NULL, NULL, NULL, NULL, NULL, '', 0, 'attendances', NULL, NULL, NULL, NULL, 0),
(855, 'ec3ddb79-c899-11e5-9e13-4c3488333b45', '2015-11-01', '2015-11-01 08:00:00', '2015-11-01 17:00:00', NULL, NULL, NULL, NULL, NULL, '', 0, 'attendances', NULL, NULL, NULL, NULL, 0),
(856, '90e73464-c899-11e5-9e13-4c3488333b45', '2015-11-01', '2015-11-01 08:00:00', '2015-11-01 17:00:00', NULL, NULL, NULL, NULL, NULL, '', 0, 'attendances', NULL, NULL, NULL, NULL, 0),
(857, '1fe9f520-c89a-11e5-9e13-4c3488333b45', '2015-11-01', '2015-11-01 08:00:00', '2015-11-01 17:00:00', NULL, NULL, NULL, NULL, NULL, '', 0, 'attendances', NULL, NULL, NULL, NULL, 0),
(858, 'bf1a45c8-c899-11e5-9e13-4c3488333b45', '2015-11-01', '2015-11-01 08:00:00', '2015-11-01 17:00:00', NULL, NULL, NULL, NULL, NULL, '', 0, 'attendances', NULL, NULL, NULL, NULL, 0),
(859, '587efa03-c89a-11e5-9e13-4c3488333b45', '2015-11-01', '2015-11-01 08:00:00', '2015-11-01 17:00:00', NULL, NULL, NULL, NULL, NULL, '', 0, 'attendances', NULL, NULL, NULL, NULL, 0),
(860, 'ea40e328-c897-11e5-9e13-4c3488333b45', '2015-11-16', '0000-00-00 00:00:00', NULL, NULL, NULL, NULL, NULL, NULL, '', 2, 'attendances', NULL, NULL, NULL, NULL, 0),
(861, 'ea40e328-c897-11e5-9e13-4c3488333b45', '2015-11-24', '0000-00-00 00:00:00', NULL, NULL, NULL, NULL, NULL, NULL, '', 2, 'attendances', NULL, NULL, NULL, NULL, 0),
(862, '2a1e1f13-c898-11e5-9e13-4c3488333b45', '2015-12-01', '2015-12-01 08:00:00', '2015-12-01 17:00:00', NULL, NULL, NULL, NULL, NULL, '', 0, 'attendances', NULL, NULL, NULL, NULL, 0),
(863, '76efdcbe-c897-11e5-9e13-4c3488333b45', '2015-12-01', '2015-12-01 08:00:00', '2015-12-01 17:00:00', NULL, NULL, NULL, NULL, NULL, '', 0, 'attendances', NULL, NULL, NULL, NULL, 0),
(864, 'be928920-c898-11e5-9e13-4c3488333b45', '2015-12-01', '2015-12-01 08:00:00', '2015-12-01 17:00:00', NULL, NULL, NULL, NULL, NULL, '', 0, 'attendances', NULL, NULL, NULL, NULL, 0),
(865, '4a83516d-c898-11e5-9e13-4c3488333b45', '2015-12-01', '2015-12-01 08:00:00', '2015-12-01 17:00:00', NULL, NULL, NULL, NULL, NULL, '', 0, 'attendances', NULL, NULL, NULL, NULL, 0),
(866, 'b1ec0e82-c897-11e5-9e13-4c3488333b45', '2015-12-01', '2015-12-01 08:00:00', '2015-12-01 17:00:00', NULL, NULL, NULL, NULL, NULL, '', 0, 'attendances', NULL, NULL, NULL, NULL, 0),
(867, 'efba9bad-c898-11e5-9e13-4c3488333b45', '2015-12-01', '2015-12-01 08:00:00', '2015-12-01 17:00:00', NULL, NULL, NULL, NULL, NULL, '', 0, 'attendances', NULL, NULL, NULL, NULL, 0),
(868, 'ea40e328-c897-11e5-9e13-4c3488333b45', '2015-12-01', '2015-12-01 08:00:00', '2015-12-01 17:00:00', NULL, NULL, NULL, NULL, NULL, '', 0, 'attendances', NULL, NULL, NULL, NULL, 0),
(869, '7913e45c-c898-11e5-9e13-4c3488333b45', '2015-12-01', '2015-12-01 08:00:00', '2015-12-01 17:00:00', NULL, NULL, NULL, NULL, NULL, '', 0, 'attendances', NULL, NULL, NULL, NULL, 0),
(870, '567b46b4-c899-11e5-9e13-4c3488333b45', '2015-12-01', '2015-12-01 08:00:00', '2015-12-01 17:00:00', NULL, NULL, NULL, NULL, NULL, '', 0, 'attendances', NULL, NULL, NULL, NULL, 0),
(871, 'e99d4add-c896-11e5-9e13-4c3488333b45', '2015-12-01', '2015-12-01 08:00:00', '2015-12-01 17:00:00', NULL, NULL, NULL, NULL, NULL, '', 0, 'attendances', NULL, NULL, NULL, NULL, 0),
(872, '1bb75245-c899-11e5-9e13-4c3488333b45', '2015-12-01', '2015-12-01 08:00:00', '2015-12-01 17:00:00', NULL, NULL, NULL, NULL, NULL, '', 0, 'attendances', NULL, NULL, NULL, NULL, 0),
(873, '9bba90bc-c89a-11e5-9e13-4c3488333b45', '2015-12-01', '2015-12-01 08:00:00', '2015-12-01 17:00:00', NULL, NULL, NULL, NULL, NULL, '', 0, 'attendances', NULL, NULL, NULL, NULL, 0),
(874, '1b7ddc0a-c897-11e5-9e13-4c3488333b45', '2015-12-01', '2015-12-01 08:00:00', '2015-12-01 17:00:00', NULL, NULL, NULL, NULL, NULL, '', 0, 'attendances', NULL, NULL, NULL, NULL, 0),
(875, 'ec3ddb79-c899-11e5-9e13-4c3488333b45', '2015-12-01', '2015-12-01 08:00:00', '2015-12-01 17:00:00', NULL, NULL, NULL, NULL, NULL, '', 0, 'attendances', NULL, NULL, NULL, NULL, 0),
(876, '90e73464-c899-11e5-9e13-4c3488333b45', '2015-12-01', '2015-12-01 08:00:00', '2015-12-01 17:00:00', NULL, NULL, NULL, NULL, NULL, '', 0, 'attendances', NULL, NULL, NULL, NULL, 0),
(877, '1fe9f520-c89a-11e5-9e13-4c3488333b45', '2015-12-01', '2015-12-01 08:00:00', '2015-12-01 17:00:00', NULL, NULL, NULL, NULL, NULL, '', 0, 'attendances', NULL, NULL, NULL, NULL, 0),
(878, 'bf1a45c8-c899-11e5-9e13-4c3488333b45', '2015-12-01', '2015-12-01 08:00:00', '2015-12-01 17:00:00', NULL, NULL, NULL, NULL, NULL, '', 0, 'attendances', NULL, NULL, NULL, NULL, 0),
(879, '587efa03-c89a-11e5-9e13-4c3488333b45', '2015-12-01', '2015-12-01 08:00:00', '2015-12-01 17:00:00', NULL, NULL, NULL, NULL, NULL, '', 0, 'attendances', NULL, NULL, NULL, NULL, 0),
(880, '64a541d0-c96c-11e5-9396-4c3488333b45', '2015-12-01', '2015-12-01 08:00:00', '2015-12-01 17:00:00', NULL, NULL, NULL, NULL, NULL, '', 0, 'attendances', NULL, NULL, NULL, NULL, 0),
(881, 'ea40e328-c897-11e5-9e13-4c3488333b45', '2015-12-07', '0000-00-00 00:00:00', NULL, NULL, NULL, NULL, NULL, NULL, '', 2, 'attendances', NULL, NULL, NULL, NULL, 0),
(882, '2a1e1f13-c898-11e5-9e13-4c3488333b45', '2016-01-01', '2016-01-01 08:00:00', '2016-01-01 17:00:00', NULL, NULL, NULL, NULL, NULL, '', 0, 'attendances', NULL, NULL, NULL, NULL, 0),
(883, '76efdcbe-c897-11e5-9e13-4c3488333b45', '2016-01-01', '2016-01-01 08:00:00', '2016-01-01 17:00:00', NULL, NULL, NULL, NULL, NULL, '', 0, 'attendances', NULL, NULL, NULL, NULL, 0),
(884, 'be928920-c898-11e5-9e13-4c3488333b45', '2016-01-01', '2016-01-01 08:00:00', '2016-01-01 17:00:00', NULL, NULL, NULL, NULL, NULL, '', 0, 'attendances', NULL, NULL, NULL, NULL, 0),
(885, '4a83516d-c898-11e5-9e13-4c3488333b45', '2016-01-01', '2016-01-01 08:00:00', '2016-01-01 17:00:00', NULL, NULL, NULL, NULL, NULL, '', 0, 'attendances', NULL, NULL, NULL, NULL, 0),
(886, 'b1ec0e82-c897-11e5-9e13-4c3488333b45', '2016-01-01', '2016-01-01 08:00:00', '2016-01-01 17:00:00', NULL, NULL, NULL, NULL, NULL, '', 0, 'attendances', NULL, NULL, NULL, NULL, 0),
(887, 'efba9bad-c898-11e5-9e13-4c3488333b45', '2016-01-01', '2016-01-01 08:00:00', '2016-01-01 17:00:00', NULL, NULL, NULL, NULL, NULL, '', 0, 'attendances', NULL, NULL, NULL, NULL, 0),
(888, 'ea40e328-c897-11e5-9e13-4c3488333b45', '2016-01-01', '2016-01-01 08:00:00', '2016-01-01 17:00:00', NULL, NULL, NULL, NULL, NULL, '', 0, 'attendances', NULL, NULL, NULL, NULL, 0),
(889, '7913e45c-c898-11e5-9e13-4c3488333b45', '2016-01-01', '2016-01-01 08:00:00', '2016-01-01 17:00:00', NULL, NULL, NULL, NULL, NULL, '', 0, 'attendances', NULL, NULL, NULL, NULL, 0),
(890, '567b46b4-c899-11e5-9e13-4c3488333b45', '2016-01-01', '2016-01-01 08:00:00', '2016-01-01 17:00:00', NULL, NULL, NULL, NULL, NULL, '', 0, 'attendances', NULL, NULL, NULL, NULL, 0),
(891, 'e99d4add-c896-11e5-9e13-4c3488333b45', '2016-01-01', '2016-01-01 08:00:00', '2016-01-01 17:00:00', NULL, NULL, NULL, NULL, NULL, '', 0, 'attendances', NULL, NULL, NULL, NULL, 0),
(892, '1bb75245-c899-11e5-9e13-4c3488333b45', '2016-01-01', '2016-01-01 08:00:00', '2016-01-01 17:00:00', NULL, NULL, NULL, NULL, NULL, '', 0, 'attendances', NULL, NULL, NULL, NULL, 0),
(893, '9bba90bc-c89a-11e5-9e13-4c3488333b45', '2016-01-01', '2016-01-01 08:00:00', '2016-01-01 17:00:00', NULL, NULL, NULL, NULL, NULL, '', 0, 'attendances', NULL, NULL, NULL, NULL, 0),
(894, '1b7ddc0a-c897-11e5-9e13-4c3488333b45', '2016-01-01', '2016-01-01 08:00:00', '2016-01-01 17:00:00', NULL, NULL, NULL, NULL, NULL, '', 0, 'attendances', NULL, NULL, NULL, NULL, 0),
(895, 'ec3ddb79-c899-11e5-9e13-4c3488333b45', '2016-01-01', '2016-01-01 08:00:00', '2016-01-01 17:00:00', NULL, NULL, NULL, NULL, NULL, '', 0, 'attendances', NULL, NULL, NULL, NULL, 0),
(896, '90e73464-c899-11e5-9e13-4c3488333b45', '2016-01-01', '2016-01-01 08:00:00', '2016-01-01 17:00:00', NULL, NULL, NULL, NULL, NULL, '', 0, 'attendances', NULL, NULL, NULL, NULL, 0),
(897, '1fe9f520-c89a-11e5-9e13-4c3488333b45', '2016-01-01', '2016-01-01 08:00:00', '2016-01-01 17:00:00', NULL, NULL, NULL, NULL, NULL, '', 0, 'attendances', NULL, NULL, NULL, NULL, 0),
(898, 'bf1a45c8-c899-11e5-9e13-4c3488333b45', '2016-01-01', '2016-01-01 08:00:00', '2016-01-01 17:00:00', NULL, NULL, NULL, NULL, NULL, '', 0, 'attendances', NULL, NULL, NULL, NULL, 0),
(899, '587efa03-c89a-11e5-9e13-4c3488333b45', '2016-01-01', '2016-01-01 08:00:00', '2016-01-01 17:00:00', NULL, NULL, NULL, NULL, NULL, '', 0, 'attendances', NULL, NULL, NULL, NULL, 0),
(900, '64a541d0-c96c-11e5-9396-4c3488333b45', '2016-01-01', '2016-01-01 08:00:00', '2016-01-01 17:00:00', NULL, NULL, NULL, NULL, NULL, '', 0, 'attendances', NULL, NULL, NULL, NULL, 0),
(901, 'ea40e328-c897-11e5-9e13-4c3488333b45', '2016-01-18', '0000-00-00 00:00:00', NULL, NULL, NULL, NULL, NULL, NULL, '', 2, 'attendances', NULL, NULL, NULL, NULL, 0),
(902, 'ea40e328-c897-11e5-9e13-4c3488333b45', '2016-01-19', '0000-00-00 00:00:00', NULL, NULL, NULL, NULL, NULL, NULL, '', 2, 'attendances', NULL, NULL, NULL, NULL, 0),
(903, 'ea40e328-c897-11e5-9e13-4c3488333b45', '2016-01-25', '0000-00-00 00:00:00', NULL, NULL, NULL, NULL, NULL, NULL, '', 2, 'attendances', NULL, NULL, NULL, NULL, 0),
(904, '2a1e1f13-c898-11e5-9e13-4c3488333b45', '2016-02-01', '2016-02-01 08:00:00', '2016-02-01 17:00:00', NULL, NULL, NULL, NULL, NULL, '', 0, 'attendances', NULL, NULL, NULL, NULL, 0),
(905, '76efdcbe-c897-11e5-9e13-4c3488333b45', '2016-02-01', '2016-02-01 08:00:00', '2016-02-01 17:00:00', NULL, NULL, NULL, NULL, NULL, '', 0, 'attendances', NULL, NULL, NULL, NULL, 0),
(906, 'be928920-c898-11e5-9e13-4c3488333b45', '2016-02-01', '2016-02-01 08:00:00', '2016-02-01 17:00:00', NULL, NULL, NULL, NULL, NULL, '', 0, 'attendances', NULL, NULL, NULL, NULL, 0),
(907, '4a83516d-c898-11e5-9e13-4c3488333b45', '2016-02-01', '2016-02-01 08:00:00', '2016-02-01 17:00:00', NULL, NULL, NULL, NULL, NULL, '', 0, 'attendances', NULL, NULL, NULL, NULL, 0),
(908, 'b1ec0e82-c897-11e5-9e13-4c3488333b45', '2016-02-01', '2016-02-01 08:00:00', '2016-02-01 17:00:00', NULL, NULL, NULL, NULL, NULL, '', 0, 'attendances', NULL, NULL, NULL, NULL, 0),
(909, 'efba9bad-c898-11e5-9e13-4c3488333b45', '2016-02-01', '2016-02-01 08:00:00', '2016-02-01 17:00:00', NULL, NULL, NULL, NULL, NULL, '', 0, 'attendances', NULL, NULL, NULL, NULL, 0),
(910, 'ea40e328-c897-11e5-9e13-4c3488333b45', '2016-02-01', '2016-02-01 08:00:00', '2016-02-01 17:00:00', NULL, NULL, NULL, NULL, NULL, '', 0, 'attendances', NULL, NULL, NULL, NULL, 0),
(911, '7913e45c-c898-11e5-9e13-4c3488333b45', '2016-02-01', '2016-02-01 08:00:00', '2016-02-01 17:00:00', NULL, NULL, NULL, NULL, NULL, '', 0, 'attendances', NULL, NULL, NULL, NULL, 0),
(912, '567b46b4-c899-11e5-9e13-4c3488333b45', '2016-02-01', '2016-02-01 08:00:00', '2016-02-01 17:00:00', NULL, NULL, NULL, NULL, NULL, '', 0, 'attendances', NULL, NULL, NULL, NULL, 0),
(913, 'e99d4add-c896-11e5-9e13-4c3488333b45', '2016-02-01', '2016-02-01 08:00:00', '2016-02-01 17:00:00', NULL, NULL, NULL, NULL, NULL, '', 0, 'attendances', NULL, NULL, NULL, NULL, 0),
(914, '1bb75245-c899-11e5-9e13-4c3488333b45', '2016-02-01', '2016-02-01 08:00:00', '2016-02-01 17:00:00', NULL, NULL, NULL, NULL, NULL, '', 0, 'attendances', NULL, NULL, NULL, NULL, 0),
(915, '9bba90bc-c89a-11e5-9e13-4c3488333b45', '2016-02-01', '2016-02-01 08:00:00', '2016-02-01 17:00:00', NULL, NULL, NULL, NULL, NULL, '', 0, 'attendances', NULL, NULL, NULL, NULL, 0),
(916, '1b7ddc0a-c897-11e5-9e13-4c3488333b45', '2016-02-01', '2016-02-01 08:00:00', '2016-02-01 17:00:00', NULL, NULL, NULL, NULL, NULL, '', 0, 'attendances', NULL, NULL, NULL, NULL, 0),
(917, 'ec3ddb79-c899-11e5-9e13-4c3488333b45', '2016-02-01', '2016-02-01 08:00:00', '2016-02-01 17:00:00', NULL, NULL, NULL, NULL, NULL, '', 0, 'attendances', NULL, NULL, NULL, NULL, 0),
(918, '90e73464-c899-11e5-9e13-4c3488333b45', '2016-02-01', '2016-02-01 08:00:00', '2016-02-01 17:00:00', NULL, NULL, NULL, NULL, NULL, '', 0, 'attendances', NULL, NULL, NULL, NULL, 0),
(919, '1fe9f520-c89a-11e5-9e13-4c3488333b45', '2016-02-01', '2016-02-01 08:00:00', '2016-02-01 17:00:00', NULL, NULL, NULL, NULL, NULL, '', 0, 'attendances', NULL, NULL, NULL, NULL, 0),
(920, 'bf1a45c8-c899-11e5-9e13-4c3488333b45', '2016-02-01', '2016-02-01 08:00:00', '2016-02-01 17:00:00', NULL, NULL, NULL, NULL, NULL, '', 0, 'attendances', NULL, NULL, NULL, NULL, 0),
(921, '587efa03-c89a-11e5-9e13-4c3488333b45', '2016-02-01', '2016-02-01 08:00:00', '2016-02-01 17:00:00', NULL, NULL, NULL, NULL, NULL, '', 0, 'attendances', NULL, NULL, NULL, NULL, 0),
(922, '64a541d0-c96c-11e5-9396-4c3488333b45', '2016-02-01', '2016-02-01 08:00:00', '2016-02-01 17:00:00', NULL, NULL, NULL, NULL, NULL, '', 0, 'attendances', NULL, NULL, NULL, NULL, 0),
(923, 'ea40e328-c897-11e5-9e13-4c3488333b45', '2016-02-02', '0000-00-00 00:00:00', NULL, NULL, NULL, NULL, NULL, NULL, '', 2, 'attendances', NULL, NULL, NULL, NULL, 0),
(924, 'ea40e328-c897-11e5-9e13-4c3488333b45', '2016-02-04', '0000-00-00 00:00:00', NULL, NULL, NULL, NULL, NULL, NULL, '', 2, 'attendances', NULL, NULL, NULL, NULL, 0),
(925, '2a1e1f13-c898-11e5-9e13-4c3488333b45', '2016-03-01', '2016-03-01 08:00:00', '2016-03-01 17:00:00', NULL, NULL, NULL, NULL, NULL, '', 0, 'attendances', NULL, NULL, NULL, NULL, 0),
(926, '76efdcbe-c897-11e5-9e13-4c3488333b45', '2016-03-01', '2016-03-01 08:00:00', '2016-03-01 17:00:00', NULL, NULL, NULL, NULL, NULL, '', 0, 'attendances', NULL, NULL, NULL, NULL, 0),
(927, 'be928920-c898-11e5-9e13-4c3488333b45', '2016-03-01', '2016-03-01 08:00:00', '2016-03-01 17:00:00', NULL, NULL, NULL, NULL, NULL, '', 0, 'attendances', NULL, NULL, NULL, NULL, 0),
(928, '4a83516d-c898-11e5-9e13-4c3488333b45', '2016-03-01', '2016-03-01 08:00:00', '2016-03-01 17:00:00', NULL, NULL, NULL, NULL, NULL, '', 0, 'attendances', NULL, NULL, NULL, NULL, 0),
(929, 'b1ec0e82-c897-11e5-9e13-4c3488333b45', '2016-03-01', '2016-03-01 08:00:00', '2016-03-01 17:00:00', NULL, NULL, NULL, NULL, NULL, '', 0, 'attendances', NULL, NULL, NULL, NULL, 0),
(930, 'efba9bad-c898-11e5-9e13-4c3488333b45', '2016-03-01', '2016-03-01 08:00:00', '2016-03-01 17:00:00', NULL, NULL, NULL, NULL, NULL, '', 0, 'attendances', NULL, NULL, NULL, NULL, 0),
(931, 'ea40e328-c897-11e5-9e13-4c3488333b45', '2016-03-01', '2016-03-01 08:00:00', '2016-03-01 17:00:00', NULL, NULL, NULL, NULL, NULL, '', 0, 'attendances', NULL, NULL, NULL, NULL, 0),
(932, '7913e45c-c898-11e5-9e13-4c3488333b45', '2016-03-01', '2016-03-01 08:00:00', '2016-03-01 17:00:00', NULL, NULL, NULL, NULL, NULL, '', 0, 'attendances', NULL, NULL, NULL, NULL, 0),
(933, '567b46b4-c899-11e5-9e13-4c3488333b45', '2016-03-01', '2016-03-01 08:00:00', '2016-03-01 17:00:00', NULL, NULL, NULL, NULL, NULL, '', 0, 'attendances', NULL, NULL, NULL, NULL, 0),
(934, 'e99d4add-c896-11e5-9e13-4c3488333b45', '2016-03-01', '2016-03-01 08:00:00', '2016-03-01 17:00:00', NULL, NULL, NULL, NULL, NULL, '', 0, 'attendances', NULL, NULL, NULL, NULL, 0),
(935, '1bb75245-c899-11e5-9e13-4c3488333b45', '2016-03-01', '2016-03-01 08:00:00', '2016-03-01 17:00:00', NULL, NULL, NULL, NULL, NULL, '', 0, 'attendances', NULL, NULL, NULL, NULL, 0),
(936, '9bba90bc-c89a-11e5-9e13-4c3488333b45', '2016-03-01', '2016-03-01 08:00:00', '2016-03-01 17:00:00', NULL, NULL, NULL, NULL, NULL, '', 0, 'attendances', NULL, NULL, NULL, NULL, 0),
(937, '1b7ddc0a-c897-11e5-9e13-4c3488333b45', '2016-03-01', '2016-03-01 08:00:00', '2016-03-01 17:00:00', NULL, NULL, NULL, NULL, NULL, '', 0, 'attendances', NULL, NULL, NULL, NULL, 0),
(938, 'ec3ddb79-c899-11e5-9e13-4c3488333b45', '2016-03-01', '2016-03-01 08:00:00', '2016-03-01 17:00:00', NULL, NULL, NULL, NULL, NULL, '', 0, 'attendances', NULL, NULL, NULL, NULL, 0),
(939, '90e73464-c899-11e5-9e13-4c3488333b45', '2016-03-01', '2016-03-01 08:00:00', '2016-03-01 17:00:00', NULL, NULL, NULL, NULL, NULL, '', 0, 'attendances', NULL, NULL, NULL, NULL, 0),
(940, '1fe9f520-c89a-11e5-9e13-4c3488333b45', '2016-03-01', '2016-03-01 08:00:00', '2016-03-01 17:00:00', NULL, NULL, NULL, NULL, NULL, '', 0, 'attendances', NULL, NULL, NULL, NULL, 0),
(941, 'bf1a45c8-c899-11e5-9e13-4c3488333b45', '2016-03-01', '2016-03-01 08:00:00', '2016-03-01 17:00:00', NULL, NULL, NULL, NULL, NULL, '', 0, 'attendances', NULL, NULL, NULL, NULL, 0),
(942, '587efa03-c89a-11e5-9e13-4c3488333b45', '2016-03-01', '2016-03-01 08:00:00', '2016-03-01 17:00:00', NULL, NULL, NULL, NULL, NULL, '', 0, 'attendances', NULL, NULL, NULL, NULL, 0),
(943, '64a541d0-c96c-11e5-9396-4c3488333b45', '2016-03-01', '2016-03-01 08:00:00', '2016-03-01 17:00:00', NULL, NULL, NULL, NULL, NULL, '', 0, 'attendances', NULL, NULL, NULL, NULL, 0),
(944, 'b1ec0e82-c897-11e5-9e13-4c3488333b45', '2015-01-05', '2015-01-05 08:00:00', '2015-01-05 17:00:00', NULL, NULL, NULL, NULL, NULL, '', 0, 'attendances', NULL, NULL, NULL, NULL, 0),
(945, 'b1ec0e82-c897-11e5-9e13-4c3488333b45', '2015-01-06', '2015-01-06 08:00:00', '2015-01-06 17:00:00', NULL, NULL, NULL, NULL, NULL, '', 0, 'attendances', NULL, NULL, NULL, NULL, 0),
(946, 'b1ec0e82-c897-11e5-9e13-4c3488333b45', '2015-01-07', '2015-01-07 08:00:00', '2015-01-07 17:00:00', NULL, NULL, NULL, NULL, NULL, '', 0, 'attendances', NULL, NULL, NULL, NULL, 0),
(947, 'b1ec0e82-c897-11e5-9e13-4c3488333b45', '2015-01-08', '2015-01-08 08:00:00', '2015-01-08 17:00:00', NULL, NULL, NULL, NULL, NULL, '', 0, 'attendances', NULL, NULL, NULL, NULL, 0),
(948, 'b1ec0e82-c897-11e5-9e13-4c3488333b45', '2015-01-11', '2015-01-11 08:00:00', '2015-01-11 17:00:00', NULL, NULL, NULL, NULL, NULL, '', 0, 'attendances', NULL, NULL, NULL, NULL, 0),
(949, 'b1ec0e82-c897-11e5-9e13-4c3488333b45', '2015-01-12', '2015-01-12 08:00:00', '2015-01-12 17:00:00', NULL, NULL, NULL, NULL, NULL, '', 0, 'attendances', NULL, NULL, NULL, NULL, 0),
(950, 'b1ec0e82-c897-11e5-9e13-4c3488333b45', '2015-01-13', '2015-01-13 08:00:00', '2015-01-13 17:00:00', NULL, NULL, NULL, NULL, NULL, '', 0, 'attendances', NULL, NULL, NULL, NULL, 0),
(951, 'b1ec0e82-c897-11e5-9e13-4c3488333b45', '2015-01-14', '2015-01-14 08:00:00', '2015-01-14 17:00:00', NULL, NULL, NULL, NULL, NULL, '', 0, 'attendances', NULL, NULL, NULL, NULL, 0),
(952, 'b1ec0e82-c897-11e5-9e13-4c3488333b45', '2015-01-15', '2015-01-15 08:00:00', '2015-01-15 17:00:00', NULL, NULL, NULL, NULL, NULL, '', 0, 'attendances', NULL, NULL, NULL, NULL, 0),
(953, 'b1ec0e82-c897-11e5-9e13-4c3488333b45', '2015-01-18', '2015-01-18 08:00:00', '2015-01-18 17:00:00', NULL, NULL, NULL, NULL, NULL, '', 0, 'attendances', NULL, NULL, NULL, NULL, 0),
(954, 'b1ec0e82-c897-11e5-9e13-4c3488333b45', '2015-01-19', '2015-01-19 08:00:00', '2015-01-19 17:00:00', NULL, NULL, NULL, NULL, NULL, '', 0, 'attendances', NULL, NULL, NULL, NULL, 0),
(955, 'b1ec0e82-c897-11e5-9e13-4c3488333b45', '2015-01-20', '2015-01-20 08:00:00', '2015-01-20 17:00:00', NULL, NULL, NULL, NULL, NULL, '', 0, 'attendances', NULL, NULL, NULL, NULL, 0),
(956, 'b1ec0e82-c897-11e5-9e13-4c3488333b45', '2015-01-21', '2015-01-21 08:00:00', '2015-01-21 17:00:00', NULL, NULL, NULL, NULL, NULL, '', 0, 'attendances', NULL, NULL, NULL, NULL, 0),
(957, 'b1ec0e82-c897-11e5-9e13-4c3488333b45', '2015-01-22', '2015-01-22 08:00:00', '2015-01-22 17:00:00', NULL, NULL, NULL, NULL, NULL, '', 0, 'attendances', NULL, NULL, NULL, NULL, 0),
(958, 'b1ec0e82-c897-11e5-9e13-4c3488333b45', '2015-01-25', '2015-01-25 08:00:00', '2015-01-25 17:00:00', NULL, NULL, NULL, NULL, NULL, '', 0, 'attendances', NULL, NULL, NULL, NULL, 0),
(959, 'b1ec0e82-c897-11e5-9e13-4c3488333b45', '2015-01-26', '2015-01-26 08:00:00', '2015-01-26 17:00:00', NULL, NULL, NULL, NULL, NULL, '', 0, 'attendances', NULL, NULL, NULL, NULL, 0),
(960, 'b1ec0e82-c897-11e5-9e13-4c3488333b45', '2015-01-27', '2015-01-27 08:00:00', '2015-01-27 17:00:00', NULL, NULL, NULL, NULL, NULL, '', 0, 'attendances', NULL, NULL, NULL, NULL, 0),
(961, 'b1ec0e82-c897-11e5-9e13-4c3488333b45', '2015-01-28', '2015-01-28 08:00:00', '2015-01-28 17:00:00', NULL, NULL, NULL, NULL, NULL, '', 0, 'attendances', NULL, NULL, NULL, NULL, 0),
(962, 'b1ec0e82-c897-11e5-9e13-4c3488333b45', '2015-01-29', '2015-01-29 08:00:00', '2015-01-29 17:00:00', NULL, NULL, NULL, NULL, NULL, '', 0, 'attendances', NULL, NULL, NULL, NULL, 0),
(963, 'efba9bad-c898-11e5-9e13-4c3488333b45', '2015-01-05', '2015-01-05 08:00:00', '2015-01-05 17:00:00', NULL, NULL, NULL, NULL, NULL, '', 0, 'attendances', NULL, NULL, NULL, NULL, 0),
(964, 'efba9bad-c898-11e5-9e13-4c3488333b45', '2015-01-06', '2015-01-06 08:00:00', '2015-01-06 17:00:00', NULL, NULL, NULL, NULL, NULL, '', 0, 'attendances', NULL, NULL, NULL, NULL, 0),
(965, 'efba9bad-c898-11e5-9e13-4c3488333b45', '2015-01-07', '2015-01-07 08:00:00', '2015-01-07 17:00:00', NULL, NULL, NULL, NULL, NULL, '', 0, 'attendances', NULL, NULL, NULL, NULL, 0),
(966, 'efba9bad-c898-11e5-9e13-4c3488333b45', '2015-01-08', '2015-01-08 08:00:00', '2015-01-08 17:00:00', NULL, NULL, NULL, NULL, NULL, '', 0, 'attendances', NULL, NULL, NULL, NULL, 0),
(967, 'efba9bad-c898-11e5-9e13-4c3488333b45', '2015-01-11', '2015-01-11 08:00:00', '2015-01-11 17:00:00', NULL, NULL, NULL, NULL, NULL, '', 0, 'attendances', NULL, NULL, NULL, NULL, 0),
(968, 'efba9bad-c898-11e5-9e13-4c3488333b45', '2015-01-12', '2015-01-12 08:00:00', '2015-01-12 17:00:00', NULL, NULL, NULL, NULL, NULL, '', 0, 'attendances', NULL, NULL, NULL, NULL, 0),
(969, 'efba9bad-c898-11e5-9e13-4c3488333b45', '2015-01-13', '2015-01-13 08:00:00', '2015-01-13 17:00:00', NULL, NULL, NULL, NULL, NULL, '', 0, 'attendances', NULL, NULL, NULL, NULL, 0),
(970, 'efba9bad-c898-11e5-9e13-4c3488333b45', '2015-01-14', '2015-01-14 08:00:00', '2015-01-14 17:00:00', NULL, NULL, NULL, NULL, NULL, '', 0, 'attendances', NULL, NULL, NULL, NULL, 0),
(971, 'efba9bad-c898-11e5-9e13-4c3488333b45', '2015-01-15', '2015-01-15 08:00:00', '2015-01-15 17:00:00', NULL, NULL, NULL, NULL, NULL, '', 0, 'attendances', NULL, NULL, NULL, NULL, 0),
(972, 'efba9bad-c898-11e5-9e13-4c3488333b45', '2015-01-18', '2015-01-18 08:00:00', '2015-01-18 17:00:00', NULL, NULL, NULL, NULL, NULL, '', 0, 'attendances', NULL, NULL, NULL, NULL, 0),
(973, 'efba9bad-c898-11e5-9e13-4c3488333b45', '2015-01-19', '2015-01-19 08:00:00', '2015-01-19 17:00:00', NULL, NULL, NULL, NULL, NULL, '', 0, 'attendances', NULL, NULL, NULL, NULL, 0),
(974, 'efba9bad-c898-11e5-9e13-4c3488333b45', '2015-01-20', '2015-01-20 08:00:00', '2015-01-20 17:00:00', NULL, NULL, NULL, NULL, NULL, '', 0, 'attendances', NULL, NULL, NULL, NULL, 0),
(975, 'efba9bad-c898-11e5-9e13-4c3488333b45', '2015-01-21', '2015-01-21 08:00:00', '2015-01-21 17:00:00', NULL, NULL, NULL, NULL, NULL, '', 0, 'attendances', NULL, NULL, NULL, NULL, 0),
(976, 'efba9bad-c898-11e5-9e13-4c3488333b45', '2015-01-22', '2015-01-22 08:00:00', '2015-01-22 17:00:00', NULL, NULL, NULL, NULL, NULL, '', 0, 'attendances', NULL, NULL, NULL, NULL, 0),
(977, 'efba9bad-c898-11e5-9e13-4c3488333b45', '2015-01-25', '2015-01-25 08:00:00', '2015-01-25 17:00:00', NULL, NULL, NULL, NULL, NULL, '', 0, 'attendances', NULL, NULL, NULL, NULL, 0),
(978, 'efba9bad-c898-11e5-9e13-4c3488333b45', '2015-01-26', '2015-01-26 08:00:00', '2015-01-26 17:00:00', NULL, NULL, NULL, NULL, NULL, '', 0, 'attendances', NULL, NULL, NULL, NULL, 0),
(979, 'efba9bad-c898-11e5-9e13-4c3488333b45', '2015-01-27', '2015-01-27 08:00:00', '2015-01-27 17:00:00', NULL, NULL, NULL, NULL, NULL, '', 0, 'attendances', NULL, NULL, NULL, NULL, 0),
(980, 'efba9bad-c898-11e5-9e13-4c3488333b45', '2015-01-28', '2015-01-28 08:00:00', '2015-01-28 17:00:00', NULL, NULL, NULL, NULL, NULL, '', 0, 'attendances', NULL, NULL, NULL, NULL, 0),
(981, 'efba9bad-c898-11e5-9e13-4c3488333b45', '2015-01-29', '2015-01-29 08:00:00', '2015-01-29 17:00:00', NULL, NULL, NULL, NULL, NULL, '', 0, 'attendances', NULL, NULL, NULL, NULL, 0),
(982, '567b46b4-c899-11e5-9e13-4c3488333b45', '2015-01-05', '2015-01-05 08:00:00', '2015-01-05 17:00:00', NULL, NULL, NULL, NULL, NULL, '', 0, 'attendances', NULL, NULL, NULL, NULL, 0),
(983, '567b46b4-c899-11e5-9e13-4c3488333b45', '2015-01-06', '2015-01-06 08:00:00', '2015-01-06 17:00:00', NULL, NULL, NULL, NULL, NULL, '', 0, 'attendances', NULL, NULL, NULL, NULL, 0),
(984, '567b46b4-c899-11e5-9e13-4c3488333b45', '2015-01-07', '2015-01-07 08:00:00', '2015-01-07 17:00:00', NULL, NULL, NULL, NULL, NULL, '', 0, 'attendances', NULL, NULL, NULL, NULL, 0),
(985, '567b46b4-c899-11e5-9e13-4c3488333b45', '2015-01-08', '2015-01-08 08:00:00', '2015-01-08 17:00:00', NULL, NULL, NULL, NULL, NULL, '', 0, 'attendances', NULL, NULL, NULL, NULL, 0),
(986, '567b46b4-c899-11e5-9e13-4c3488333b45', '2015-01-11', '2015-01-11 08:00:00', '2015-01-11 17:00:00', NULL, NULL, NULL, NULL, NULL, '', 0, 'attendances', NULL, NULL, NULL, NULL, 0),
(987, '567b46b4-c899-11e5-9e13-4c3488333b45', '2015-01-12', '2015-01-12 08:00:00', '2015-01-12 17:00:00', NULL, NULL, NULL, NULL, NULL, '', 0, 'attendances', NULL, NULL, NULL, NULL, 0),
(988, '567b46b4-c899-11e5-9e13-4c3488333b45', '2015-01-13', '2015-01-13 08:00:00', '2015-01-13 17:00:00', NULL, NULL, NULL, NULL, NULL, '', 0, 'attendances', NULL, NULL, NULL, NULL, 0),
(989, '567b46b4-c899-11e5-9e13-4c3488333b45', '2015-01-14', '2015-01-14 08:00:00', '2015-01-14 17:00:00', NULL, NULL, NULL, NULL, NULL, '', 0, 'attendances', NULL, NULL, NULL, NULL, 0),
(990, '567b46b4-c899-11e5-9e13-4c3488333b45', '2015-01-15', '2015-01-15 08:00:00', '2015-01-15 17:00:00', NULL, NULL, NULL, NULL, NULL, '', 0, 'attendances', NULL, NULL, NULL, NULL, 0),
(991, '567b46b4-c899-11e5-9e13-4c3488333b45', '2015-01-18', '2015-01-18 08:00:00', '2015-01-18 17:00:00', NULL, NULL, NULL, NULL, NULL, '', 0, 'attendances', NULL, NULL, NULL, NULL, 0),
(992, '567b46b4-c899-11e5-9e13-4c3488333b45', '2015-01-19', '2015-01-19 08:00:00', '2015-01-19 17:00:00', NULL, NULL, NULL, NULL, NULL, '', 0, 'attendances', NULL, NULL, NULL, NULL, 0),
(993, '567b46b4-c899-11e5-9e13-4c3488333b45', '2015-01-20', '2015-01-20 08:00:00', '2015-01-20 17:00:00', NULL, NULL, NULL, NULL, NULL, '', 0, 'attendances', NULL, NULL, NULL, NULL, 0),
(994, '567b46b4-c899-11e5-9e13-4c3488333b45', '2015-01-21', '2015-01-21 08:00:00', '2015-01-21 17:00:00', NULL, NULL, NULL, NULL, NULL, '', 0, 'attendances', NULL, NULL, NULL, NULL, 0),
(995, '567b46b4-c899-11e5-9e13-4c3488333b45', '2015-01-22', '2015-01-22 08:00:00', '2015-01-22 17:00:00', NULL, NULL, NULL, NULL, NULL, '', 0, 'attendances', NULL, NULL, NULL, NULL, 0),
(996, '567b46b4-c899-11e5-9e13-4c3488333b45', '2015-01-25', '2015-01-25 08:00:00', '2015-01-25 17:00:00', NULL, NULL, NULL, NULL, NULL, '', 0, 'attendances', NULL, NULL, NULL, NULL, 0),
(997, '567b46b4-c899-11e5-9e13-4c3488333b45', '2015-01-26', '2015-01-26 08:00:00', '2015-01-26 17:00:00', NULL, NULL, NULL, NULL, NULL, '', 0, 'attendances', NULL, NULL, NULL, NULL, 0),
(998, '567b46b4-c899-11e5-9e13-4c3488333b45', '2015-01-27', '2015-01-27 08:00:00', '2015-01-27 17:00:00', NULL, NULL, NULL, NULL, NULL, '', 0, 'attendances', NULL, NULL, NULL, NULL, 0),
(999, '567b46b4-c899-11e5-9e13-4c3488333b45', '2015-01-28', '2015-01-28 08:00:00', '2015-01-28 17:00:00', NULL, NULL, NULL, NULL, NULL, '', 0, 'attendances', NULL, NULL, NULL, NULL, 0),
(1000, '567b46b4-c899-11e5-9e13-4c3488333b45', '2015-01-29', '2015-01-29 08:00:00', '2015-01-29 17:00:00', NULL, NULL, NULL, NULL, NULL, '', 0, 'attendances', NULL, NULL, NULL, NULL, 0),
(1001, '7913e45c-c898-11e5-9e13-4c3488333b45', '2015-01-05', '2015-01-05 08:00:00', '2015-01-05 17:00:00', NULL, NULL, NULL, NULL, NULL, '', 0, 'attendances', NULL, NULL, NULL, NULL, 0),
(1002, '7913e45c-c898-11e5-9e13-4c3488333b45', '2015-01-07', '2015-01-07 08:00:00', '2015-01-07 17:00:00', NULL, NULL, NULL, NULL, NULL, '', 0, 'attendances', NULL, NULL, NULL, NULL, 0),
(1003, '7913e45c-c898-11e5-9e13-4c3488333b45', '2015-01-08', '2015-01-08 08:00:00', '2015-01-08 17:00:00', NULL, NULL, NULL, NULL, NULL, '', 0, 'attendances', NULL, NULL, NULL, NULL, 0),
(1004, '7913e45c-c898-11e5-9e13-4c3488333b45', '2015-01-11', '2015-01-11 08:00:00', '2015-01-11 17:00:00', NULL, NULL, NULL, NULL, NULL, '', 0, 'attendances', NULL, NULL, NULL, NULL, 0),
(1005, '7913e45c-c898-11e5-9e13-4c3488333b45', '2015-01-12', '2015-01-12 08:00:00', '2015-01-12 17:00:00', NULL, NULL, NULL, NULL, NULL, '', 0, 'attendances', NULL, NULL, NULL, NULL, 0),
(1006, '7913e45c-c898-11e5-9e13-4c3488333b45', '2015-01-13', '2015-01-13 08:00:00', '2015-01-13 17:00:00', NULL, NULL, NULL, NULL, NULL, '', 0, 'attendances', NULL, NULL, NULL, NULL, 0),
(1007, '7913e45c-c898-11e5-9e13-4c3488333b45', '2015-01-14', '2015-01-14 08:00:00', '2015-01-14 17:00:00', NULL, NULL, NULL, NULL, NULL, '', 0, 'attendances', NULL, NULL, NULL, NULL, 0);
INSERT INTO `attendances` (`id`, `member_id`, `att_date`, `checkin_time`, `checkout_time`, `overtime`, `notes`, `lat`, `lng`, `location`, `noti_id`, `status`, `module_name`, `creator_id`, `created_dt`, `updater_id`, `updated_dt`, `deleted_flag`) VALUES
(1008, '7913e45c-c898-11e5-9e13-4c3488333b45', '2015-01-15', '2015-01-15 08:00:00', '2015-01-15 17:00:00', NULL, NULL, NULL, NULL, NULL, '', 0, 'attendances', NULL, NULL, NULL, NULL, 0),
(1009, '7913e45c-c898-11e5-9e13-4c3488333b45', '2015-01-18', '2015-01-18 08:00:00', '2015-01-18 17:00:00', NULL, NULL, NULL, NULL, NULL, '', 0, 'attendances', NULL, NULL, NULL, NULL, 0),
(1010, '7913e45c-c898-11e5-9e13-4c3488333b45', '2015-01-19', '2015-01-19 08:00:00', '2015-01-19 17:00:00', NULL, NULL, NULL, NULL, NULL, '', 0, 'attendances', NULL, NULL, NULL, NULL, 0),
(1011, '7913e45c-c898-11e5-9e13-4c3488333b45', '2015-01-20', '2015-01-20 08:00:00', '2015-01-20 17:00:00', NULL, NULL, NULL, NULL, NULL, '', 0, 'attendances', NULL, NULL, NULL, NULL, 0),
(1012, '7913e45c-c898-11e5-9e13-4c3488333b45', '2015-01-21', '2015-01-21 08:00:00', '2015-01-21 17:00:00', NULL, NULL, NULL, NULL, NULL, '', 0, 'attendances', NULL, NULL, NULL, NULL, 0),
(1013, '7913e45c-c898-11e5-9e13-4c3488333b45', '2015-01-22', '2015-01-22 08:00:00', '2015-01-22 17:00:00', NULL, NULL, NULL, NULL, NULL, '', 0, 'attendances', NULL, NULL, NULL, NULL, 0),
(1014, '7913e45c-c898-11e5-9e13-4c3488333b45', '2015-01-25', '2015-01-25 08:00:00', '2015-01-25 17:00:00', NULL, NULL, NULL, NULL, NULL, '', 0, 'attendances', NULL, NULL, NULL, NULL, 0),
(1015, '7913e45c-c898-11e5-9e13-4c3488333b45', '2015-01-26', '2015-01-26 08:00:00', '2015-01-26 17:00:00', NULL, NULL, NULL, NULL, NULL, '', 0, 'attendances', NULL, NULL, NULL, NULL, 0),
(1016, '7913e45c-c898-11e5-9e13-4c3488333b45', '2015-01-27', '2015-01-27 08:00:00', '2015-01-27 17:00:00', NULL, NULL, NULL, NULL, NULL, '', 0, 'attendances', NULL, NULL, NULL, NULL, 0),
(1017, '7913e45c-c898-11e5-9e13-4c3488333b45', '2015-01-28', '2015-01-28 08:00:00', '2015-01-28 17:00:00', NULL, NULL, NULL, NULL, NULL, '', 0, 'attendances', NULL, NULL, NULL, NULL, 0),
(1018, '7913e45c-c898-11e5-9e13-4c3488333b45', '2015-01-29', '2015-01-29 08:00:00', '2015-01-29 17:00:00', NULL, NULL, NULL, NULL, NULL, '', 0, 'attendances', NULL, NULL, NULL, NULL, 0),
(1019, '9bba90bc-c89a-11e5-9e13-4c3488333b45', '2015-01-05', '2015-01-05 08:00:00', '2015-01-05 17:00:00', NULL, NULL, NULL, NULL, NULL, '', 0, 'attendances', NULL, NULL, NULL, NULL, 0),
(1020, '9bba90bc-c89a-11e5-9e13-4c3488333b45', '2015-01-08', '2015-01-08 08:00:00', '2015-01-08 17:00:00', NULL, NULL, NULL, NULL, NULL, '', 0, 'attendances', NULL, NULL, NULL, NULL, 0),
(1021, '9bba90bc-c89a-11e5-9e13-4c3488333b45', '2015-01-11', '2015-01-11 08:00:00', '2015-01-11 17:00:00', NULL, NULL, NULL, NULL, NULL, '', 0, 'attendances', NULL, NULL, NULL, NULL, 0),
(1022, '9bba90bc-c89a-11e5-9e13-4c3488333b45', '2015-01-12', '2015-01-12 08:00:00', '2015-01-12 17:00:00', NULL, NULL, NULL, NULL, NULL, '', 0, 'attendances', NULL, NULL, NULL, NULL, 0),
(1023, '9bba90bc-c89a-11e5-9e13-4c3488333b45', '2015-01-13', '2015-01-13 08:00:00', '2015-01-13 17:00:00', NULL, NULL, NULL, NULL, NULL, '', 0, 'attendances', NULL, NULL, NULL, NULL, 0),
(1024, '9bba90bc-c89a-11e5-9e13-4c3488333b45', '2015-01-14', '2015-01-14 08:00:00', '2015-01-14 17:00:00', NULL, NULL, NULL, NULL, NULL, '', 0, 'attendances', NULL, NULL, NULL, NULL, 0),
(1025, '9bba90bc-c89a-11e5-9e13-4c3488333b45', '2015-01-15', '2015-01-15 08:00:00', '2015-01-15 17:00:00', NULL, NULL, NULL, NULL, NULL, '', 0, 'attendances', NULL, NULL, NULL, NULL, 0),
(1026, '9bba90bc-c89a-11e5-9e13-4c3488333b45', '2015-01-18', '2015-01-18 08:00:00', '2015-01-18 17:00:00', NULL, NULL, NULL, NULL, NULL, '', 0, 'attendances', NULL, NULL, NULL, NULL, 0),
(1027, '9bba90bc-c89a-11e5-9e13-4c3488333b45', '2015-01-19', '2015-01-19 08:00:00', '2015-01-19 17:00:00', NULL, NULL, NULL, NULL, NULL, '', 0, 'attendances', NULL, NULL, NULL, NULL, 0),
(1028, '9bba90bc-c89a-11e5-9e13-4c3488333b45', '2015-01-20', '2015-01-20 08:00:00', '2015-01-20 17:00:00', NULL, NULL, NULL, NULL, NULL, '', 0, 'attendances', NULL, NULL, NULL, NULL, 0),
(1029, '9bba90bc-c89a-11e5-9e13-4c3488333b45', '2015-01-21', '2015-01-21 08:00:00', '2015-01-21 17:00:00', NULL, NULL, NULL, NULL, NULL, '', 0, 'attendances', NULL, NULL, NULL, NULL, 0),
(1030, '9bba90bc-c89a-11e5-9e13-4c3488333b45', '2015-01-22', '2015-01-22 08:00:00', '2015-01-22 17:00:00', NULL, NULL, NULL, NULL, NULL, '', 0, 'attendances', NULL, NULL, NULL, NULL, 0),
(1031, '9bba90bc-c89a-11e5-9e13-4c3488333b45', '2015-01-25', '2015-01-25 08:00:00', '2015-01-25 17:00:00', NULL, NULL, NULL, NULL, NULL, '', 0, 'attendances', NULL, NULL, NULL, NULL, 0),
(1032, '9bba90bc-c89a-11e5-9e13-4c3488333b45', '2015-01-26', '2015-01-26 08:00:00', '2015-01-26 17:00:00', NULL, NULL, NULL, NULL, NULL, '', 0, 'attendances', NULL, NULL, NULL, NULL, 0),
(1033, '9bba90bc-c89a-11e5-9e13-4c3488333b45', '2015-01-27', '2015-01-27 08:00:00', '2015-01-27 17:00:00', NULL, NULL, NULL, NULL, NULL, '', 0, 'attendances', NULL, NULL, NULL, NULL, 0),
(1034, '9bba90bc-c89a-11e5-9e13-4c3488333b45', '2015-01-28', '2015-01-28 08:00:00', '2015-01-28 17:00:00', NULL, NULL, NULL, NULL, NULL, '', 0, 'attendances', NULL, NULL, NULL, NULL, 0),
(1035, '9bba90bc-c89a-11e5-9e13-4c3488333b45', '2015-01-29', '2015-01-29 08:00:00', '2015-01-29 17:00:00', NULL, NULL, NULL, NULL, NULL, '', 0, 'attendances', NULL, NULL, NULL, NULL, 0),
(1036, '64a541d0-c96c-11e5-9396-4c3488333b45', '2015-01-05', '2015-01-05 08:00:00', '2015-01-05 17:00:00', NULL, NULL, NULL, NULL, NULL, '', 0, 'attendances', NULL, NULL, NULL, NULL, 0),
(1037, '64a541d0-c96c-11e5-9396-4c3488333b45', '2015-01-08', '2015-01-08 08:00:00', '2015-01-08 17:00:00', NULL, NULL, NULL, NULL, NULL, '', 0, 'attendances', NULL, NULL, NULL, NULL, 0),
(1038, '64a541d0-c96c-11e5-9396-4c3488333b45', '2015-01-11', '2015-01-11 08:00:00', '2015-01-11 17:00:00', NULL, NULL, NULL, NULL, NULL, '', 0, 'attendances', NULL, NULL, NULL, NULL, 0),
(1039, '64a541d0-c96c-11e5-9396-4c3488333b45', '2015-01-12', '2015-01-12 08:00:00', '2015-01-12 17:00:00', NULL, NULL, NULL, NULL, NULL, '', 0, 'attendances', NULL, NULL, NULL, NULL, 0),
(1040, '64a541d0-c96c-11e5-9396-4c3488333b45', '2015-01-13', '2015-01-13 08:00:00', '2015-01-13 17:00:00', NULL, NULL, NULL, NULL, NULL, '', 0, 'attendances', NULL, NULL, NULL, NULL, 0),
(1041, '64a541d0-c96c-11e5-9396-4c3488333b45', '2015-01-14', '2015-01-14 08:00:00', '2015-01-14 17:00:00', NULL, NULL, NULL, NULL, NULL, '', 0, 'attendances', NULL, NULL, NULL, NULL, 0),
(1042, '64a541d0-c96c-11e5-9396-4c3488333b45', '2015-01-15', '2015-01-15 08:00:00', '2015-01-15 17:00:00', NULL, NULL, NULL, NULL, NULL, '', 0, 'attendances', NULL, NULL, NULL, NULL, 0),
(1043, '64a541d0-c96c-11e5-9396-4c3488333b45', '2015-01-18', '2015-01-18 08:00:00', '2015-01-18 17:00:00', NULL, NULL, NULL, NULL, NULL, '', 0, 'attendances', NULL, NULL, NULL, NULL, 0),
(1044, '64a541d0-c96c-11e5-9396-4c3488333b45', '2015-01-19', '2015-01-19 08:00:00', '2015-01-19 17:00:00', NULL, NULL, NULL, NULL, NULL, '', 0, 'attendances', NULL, NULL, NULL, NULL, 0),
(1045, '64a541d0-c96c-11e5-9396-4c3488333b45', '2015-01-20', '2015-01-20 08:00:00', '2015-01-20 17:00:00', NULL, NULL, NULL, NULL, NULL, '', 0, 'attendances', NULL, NULL, NULL, NULL, 0),
(1046, '64a541d0-c96c-11e5-9396-4c3488333b45', '2015-01-21', '2015-01-21 08:00:00', '2015-01-21 17:00:00', NULL, NULL, NULL, NULL, NULL, '', 0, 'attendances', NULL, NULL, NULL, NULL, 0),
(1047, '64a541d0-c96c-11e5-9396-4c3488333b45', '2015-01-22', '2015-01-22 08:00:00', '2015-01-22 17:00:00', NULL, NULL, NULL, NULL, NULL, '', 0, 'attendances', NULL, NULL, NULL, NULL, 0),
(1048, '64a541d0-c96c-11e5-9396-4c3488333b45', '2015-01-25', '2015-01-25 08:00:00', '2015-01-25 17:00:00', NULL, NULL, NULL, NULL, NULL, '', 0, 'attendances', NULL, NULL, NULL, NULL, 0),
(1049, '64a541d0-c96c-11e5-9396-4c3488333b45', '2015-01-26', '2015-01-26 08:00:00', '2015-01-26 17:00:00', NULL, NULL, NULL, NULL, NULL, '', 0, 'attendances', NULL, NULL, NULL, NULL, 0),
(1050, '64a541d0-c96c-11e5-9396-4c3488333b45', '2015-01-27', '2015-01-27 08:00:00', '2015-01-27 17:00:00', NULL, NULL, NULL, NULL, NULL, '', 0, 'attendances', NULL, NULL, NULL, NULL, 0),
(1051, '64a541d0-c96c-11e5-9396-4c3488333b45', '2015-01-28', '2015-01-28 08:00:00', '2015-01-28 17:00:00', NULL, NULL, NULL, NULL, NULL, '', 0, 'attendances', NULL, NULL, NULL, NULL, 0),
(1052, '64a541d0-c96c-11e5-9396-4c3488333b45', '2015-01-29', '2015-01-29 08:00:00', '2015-01-29 17:00:00', NULL, NULL, NULL, NULL, NULL, '', 0, 'attendances', NULL, NULL, NULL, NULL, 0),
(1053, 'admin', '2016-02-05', '2016-02-05 01:46:02', NULL, NULL, '', NULL, NULL, '', '15343', 0, 'attendances', NULL, NULL, NULL, NULL, 0),
(1054, 'efba9bad-c898-11e5-9e13-4c3488333b45', '2016-02-05', '2016-02-05 10:28:11', NULL, NULL, '', NULL, NULL, '', '17370', 0, 'attendances', NULL, NULL, NULL, NULL, 0),
(1055, 'ec3ddb79-c899-11e5-9e13-4c3488333b45', '2016-02-08', '2016-02-08 01:05:25', NULL, NULL, '', NULL, NULL, '-', '29021', 0, 'attendances', NULL, NULL, NULL, NULL, 0),
(1056, 'efba9bad-c898-11e5-9e13-4c3488333b45', '2016-02-08', '2016-02-08 04:42:12', NULL, NULL, '', NULL, NULL, '-', '19154', 0, 'attendances', NULL, NULL, NULL, NULL, 0),
(1057, '567b46b4-c899-11e5-9e13-4c3488333b45', '2016-02-08', '2016-02-08 04:43:15', NULL, NULL, '', NULL, NULL, '', '25260', 0, 'attendances', NULL, NULL, NULL, NULL, 0),
(1058, '7913e45c-c898-11e5-9e13-4c3488333b45', '2016-02-08', '2016-02-08 04:44:49', NULL, NULL, '', NULL, NULL, '', '7029', 0, 'attendances', NULL, NULL, NULL, NULL, 0),
(1060, '64a541d0-c96c-11e5-9396-4c3488333b45', '2016-02-08', '2016-02-08 04:49:12', NULL, NULL, '', NULL, NULL, '', '15227', 0, 'attendances', NULL, NULL, NULL, NULL, 0),
(1061, '9bba90bc-c89a-11e5-9e13-4c3488333b45', '2016-02-08', '2016-02-08 04:49:47', NULL, NULL, '', NULL, NULL, '', '32152', 0, 'attendances', NULL, NULL, NULL, NULL, 0),
(1062, '587efa03-c89a-11e5-9e13-4c3488333b45', '2016-02-08', '0000-00-00 00:00:00', NULL, NULL, NULL, NULL, NULL, NULL, '', 2, 'attendances', NULL, NULL, NULL, NULL, 0),
(1063, '1fe9f520-c89a-11e5-9e13-4c3488333b45', '2016-02-08', '0000-00-00 00:00:00', NULL, NULL, NULL, NULL, NULL, NULL, '', 2, 'attendances', NULL, NULL, NULL, NULL, 0),
(1064, 'bf1a45c8-c899-11e5-9e13-4c3488333b45', '2016-02-08', '0000-00-00 00:00:00', NULL, NULL, NULL, NULL, NULL, NULL, '', 2, 'attendances', NULL, NULL, NULL, NULL, 0),
(1065, '90e73464-c899-11e5-9e13-4c3488333b45', '2016-02-08', '0000-00-00 00:00:00', NULL, NULL, NULL, NULL, NULL, NULL, '', 2, 'attendances', NULL, NULL, NULL, NULL, 0),
(1066, '1bb75245-c899-11e5-9e13-4c3488333b45', '2016-02-08', '0000-00-00 00:00:00', NULL, NULL, NULL, NULL, NULL, NULL, '', 2, 'attendances', NULL, NULL, NULL, NULL, 0),
(1067, 'be928920-c898-11e5-9e13-4c3488333b45', '2016-02-08', '0000-00-00 00:00:00', NULL, NULL, NULL, NULL, NULL, NULL, '', 2, 'attendances', NULL, NULL, NULL, NULL, 0),
(1068, '4a83516d-c898-11e5-9e13-4c3488333b45', '2016-02-08', '0000-00-00 00:00:00', NULL, NULL, NULL, NULL, NULL, NULL, '', 2, 'attendances', NULL, NULL, NULL, NULL, 0),
(1069, '2a1e1f13-c898-11e5-9e13-4c3488333b45', '2016-02-08', '0000-00-00 00:00:00', NULL, NULL, NULL, NULL, NULL, NULL, '', 2, 'attendances', NULL, NULL, NULL, NULL, 0),
(1070, 'ea40e328-c897-11e5-9e13-4c3488333b45', '2016-02-08', '0000-00-00 00:00:00', NULL, NULL, NULL, NULL, NULL, NULL, '', 2, 'attendances', NULL, NULL, NULL, NULL, 0),
(1071, 'b1ec0e82-c897-11e5-9e13-4c3488333b45', '2016-02-08', '0000-00-00 00:00:00', NULL, NULL, NULL, NULL, NULL, NULL, '', 2, 'attendances', NULL, NULL, NULL, NULL, 0),
(1072, '76efdcbe-c897-11e5-9e13-4c3488333b45', '2016-02-08', '0000-00-00 00:00:00', NULL, NULL, NULL, NULL, NULL, NULL, '', 2, 'attendances', NULL, NULL, NULL, NULL, 0),
(1073, '1b7ddc0a-c897-11e5-9e13-4c3488333b45', '2016-02-08', '0000-00-00 00:00:00', NULL, NULL, NULL, NULL, NULL, NULL, '', 2, 'attendances', NULL, NULL, NULL, NULL, 0),
(1074, 'e99d4add-c896-11e5-9e13-4c3488333b45', '2016-02-08', '0000-00-00 00:00:00', NULL, NULL, NULL, NULL, NULL, NULL, '', 2, 'attendances', NULL, NULL, NULL, NULL, 0),
(1075, 'admin', '2016-02-08', '0000-00-00 00:00:00', NULL, NULL, NULL, NULL, NULL, NULL, '', 2, 'attendances', NULL, NULL, NULL, NULL, 0),
(1076, '7913e45c-c898-11e5-9e13-4c3488333b45', '2016-02-09', '2016-02-09 03:42:56', NULL, NULL, '', NULL, NULL, '-', '27557', 0, 'attendances', NULL, NULL, NULL, NULL, 0),
(1077, 'ec3ddb79-c899-11e5-9e13-4c3488333b45', '2016-02-09', '2016-02-09 03:46:37', NULL, NULL, '', NULL, NULL, '', '26989', 0, 'attendances', NULL, NULL, NULL, NULL, 0);

-- --------------------------------------------------------

--
-- Table structure for table `calendar`
--

CREATE TABLE IF NOT EXISTS `calendar` (
`id` int(11) NOT NULL,
  `member_name` varchar(36) CHARACTER SET latin1 COLLATE latin1_general_ci NOT NULL,
  `member_id` varchar(36) CHARACTER SET latin1 COLLATE latin1_general_ci NOT NULL,
  `title` varchar(255) CHARACTER SET latin1 COLLATE latin1_general_ci NOT NULL,
  `startdate` datetime NOT NULL,
  `enddate` datetime NOT NULL,
  `allDay` varchar(5) CHARACTER SET latin1 COLLATE latin1_general_ci NOT NULL,
  `noti_id` varchar(36) NOT NULL,
  `module_name` varchar(10) CHARACTER SET latin1 COLLATE latin1_general_ci NOT NULL DEFAULT 'calendar',
  `creator_id` varchar(36) CHARACTER SET latin1 COLLATE latin1_general_ci DEFAULT NULL,
  `created_dt` datetime DEFAULT NULL,
  `updater_id` varchar(36) CHARACTER SET latin1 COLLATE latin1_general_ci DEFAULT NULL,
  `updated_dt` datetime DEFAULT NULL,
  `deleted_flag` tinyint(1) DEFAULT '0'
) ENGINE=InnoDB DEFAULT CHARSET=latin1 AUTO_INCREMENT=1 ;

-- --------------------------------------------------------

--
-- Table structure for table `company_info`
--

CREATE TABLE IF NOT EXISTS `company_info` (
  `company_name` varchar(36) NOT NULL,
  `company_logo` varchar(20) NOT NULL,
  `company_address` varchar(60) NOT NULL,
  `company_phno` varchar(12) NOT NULL
) ENGINE=InnoDB DEFAULT CHARSET=latin1;

--
-- Dumping data for table `company_info`
--

INSERT INTO `company_info` (`company_name`, `company_logo`, `company_address`, `company_phno`) VALUES
('G NEXT Co.,Ltd', '65040.jpg', '(7+1)A - Parami Condo,Ma Yan Gone TownShip,Yangon,Myanmar.', '01522997');

-- --------------------------------------------------------

--
-- Table structure for table `core_action_log`
--

CREATE TABLE IF NOT EXISTS `core_action_log` (
  `action_log_id` bigint(20) unsigned NOT NULL COMMENT 'ID',
  `module` varchar(36) CHARACTER SET latin1 COLLATE latin1_general_ci DEFAULT NULL COMMENT '',
  `controller` varchar(64) CHARACTER SET latin1 COLLATE latin1_general_ci DEFAULT NULL COMMENT 'Controller',
  `action` varchar(64) CHARACTER SET latin1 COLLATE latin1_general_ci DEFAULT NULL COMMENT '',
  `member_id` varchar(36) CHARACTER SET latin1 COLLATE latin1_general_ci NOT NULL COMMENT 'ID',
  `action_log_datetime` timestamp NOT NULL DEFAULT '0000-00-00 00:00:00' ON UPDATE CURRENT_TIMESTAMP COMMENT '',
  `action_log_url` text NOT NULL COMMENT 'URL',
  `client_ipv4` varchar(20) CHARACTER SET latin1 COLLATE latin1_general_ci DEFAULT NULL COMMENT 'clientIPv4',
  `client_ipv6` varchar(40) CHARACTER SET latin1 COLLATE latin1_general_ci DEFAULT NULL COMMENT 'clientIPv6'
) ENGINE=InnoDB DEFAULT CHARSET=utf8;

-- --------------------------------------------------------

--
-- Table structure for table `core_dept`
--

CREATE TABLE IF NOT EXISTS `core_dept` (
  `dept_code` varchar(36) CHARACTER SET latin1 COLLATE latin1_general_ci NOT NULL DEFAULT '',
  `dept_name` varchar(64) CHARACTER SET utf8 COLLATE utf8_unicode_ci NOT NULL,
  `abbreviation` varchar(32) CHARACTER SET utf8 COLLATE utf8_unicode_ci DEFAULT NULL COMMENT '',
  `parent_dept_code` varchar(36) CHARACTER SET latin1 COLLATE latin1_general_ci DEFAULT NULL,
  `dept_level` tinyint(11) unsigned DEFAULT NULL,
  `dept_order` int(11) unsigned DEFAULT NULL,
  `creator_id` varchar(36) CHARACTER SET latin1 COLLATE latin1_general_ci DEFAULT NULL,
  `created_dt` datetime DEFAULT NULL,
  `updater_id` varchar(36) CHARACTER SET latin1 COLLATE latin1_general_ci DEFAULT NULL,
  `updated_dt` datetime DEFAULT NULL,
  `deleted_flag` tinyint(4) NOT NULL DEFAULT '0'
) ENGINE=InnoDB DEFAULT CHARSET=utf8;

-- --------------------------------------------------------

--
-- Table structure for table `core_exports`
--

CREATE TABLE IF NOT EXISTS `core_exports` (
  `id` varchar(36) CHARACTER SET latin1 COLLATE latin1_general_ci NOT NULL,
  `title` varchar(32) COLLATE utf8_unicode_ci NOT NULL,
  `file_name` varchar(64) COLLATE utf8_unicode_ci NOT NULL,
  `file_type` varchar(12) CHARACTER SET latin1 COLLATE latin1_general_ci NOT NULL,
  `module_name` varchar(36) CHARACTER SET latin1 COLLATE latin1_general_ci DEFAULT NULL,
  `table_name` varchar(122) CHARACTER SET latin1 COLLATE latin1_general_ci NOT NULL,
  `export_fields` text CHARACTER SET latin1 COLLATE latin1_general_ci,
  `shared_flag` tinyint(2) NOT NULL DEFAULT '0',
  `add_date_flag` tinyint(4) NOT NULL DEFAULT '0',
  `shared_dept_code` varchar(36) CHARACTER SET latin1 COLLATE latin1_general_ci DEFAULT NULL,
  `creator_id` varchar(36) CHARACTER SET latin1 COLLATE latin1_general_ci NOT NULL,
  `created_dt` datetime DEFAULT NULL,
  `updater_id` varchar(36) CHARACTER SET latin1 COLLATE latin1_general_ci DEFAULT NULL,
  `updated_dt` datetime DEFAULT NULL,
  `deleted_flag` tinyint(4) NOT NULL DEFAULT '0'
) ENGINE=InnoDB DEFAULT CHARSET=utf8 COLLATE=utf8_unicode_ci;

-- --------------------------------------------------------

--
-- Table structure for table `core_images`
--

CREATE TABLE IF NOT EXISTS `core_images` (
  `uuid` varchar(36) NOT NULL,
  `mime_type` varchar(254) DEFAULT NULL COMMENT 'Mime type',
  `extension` varchar(10) DEFAULT NULL COMMENT '',
  `rel_table` varchar(64) CHARACTER SET latin1 COLLATE latin1_general_ci NOT NULL,
  `rel_code` varchar(36) CHARACTER SET latin1 COLLATE latin1_general_ci NOT NULL COMMENT 'relational code',
  `category_id` varchar(20) DEFAULT NULL,
  `delete_flag_files` tinyint(4) NOT NULL DEFAULT '0',
  `creator_id` varchar(36) DEFAULT NULL,
  `created_dt` datetime DEFAULT NULL COMMENT 'created date',
  `updater_id` varchar(36) DEFAULT NULL,
  `updated_dt` datetime DEFAULT NULL COMMENT 'updated date',
  `deleted_flag` tinyint(1) NOT NULL DEFAULT '0' COMMENT 'Delete flag'
) ENGINE=InnoDB DEFAULT CHARSET=utf8;

-- --------------------------------------------------------

--
-- Table structure for table `core_lock_record`
--

CREATE TABLE IF NOT EXISTS `core_lock_record` (
  `relation_table` varchar(64) CHARACTER SET latin1 COLLATE latin1_general_ci NOT NULL COMMENT '',
  `relation_id` varchar(36) CHARACTER SET latin1 COLLATE latin1_general_ci NOT NULL COMMENT '',
  `member_id` varchar(36) CHARACTER SET latin1 COLLATE latin1_general_ci NOT NULL COMMENT 'member id',
  `member_name` varchar(64) CHARACTER SET utf8 COLLATE utf8_unicode_ci NOT NULL COMMENT 'member name',
  `expired_time` datetime NOT NULL COMMENT '',
  `creator_id` varchar(36) CHARACTER SET latin1 COLLATE latin1_general_ci NOT NULL,
  `created_dt` datetime NOT NULL
) ENGINE=InnoDB DEFAULT CHARSET=utf8;

-- --------------------------------------------------------

--
-- Table structure for table `core_member`
--

CREATE TABLE IF NOT EXISTS `core_member` (
  `member_id` varchar(500) CHARACTER SET latin1 COLLATE latin1_general_ci NOT NULL COMMENT 'uuid',
`user_rule_member_id` int(50) NOT NULL,
  `member_login_name` varchar(256) CHARACTER SET latin1 COLLATE latin1_general_ci DEFAULT NULL,
  `member_password` varchar(128) CHARACTER SET latin1 COLLATE latin1_general_ci DEFAULT NULL,
  `full_name` varchar(128) CHARACTER SET utf8 COLLATE utf8_unicode_ci DEFAULT NULL COMMENT 'Combine first_name and family_name',
  `member_dept_name` varchar(64) CHARACTER SET utf8 COLLATE utf8_unicode_ci DEFAULT NULL,
  `member_mobile_tel` varchar(16) CHARACTER SET latin1 COLLATE latin1_general_ci DEFAULT NULL,
  `member_mail` varchar(256) CHARACTER SET latin1 COLLATE latin1_general_ci DEFAULT NULL,
  `position` varchar(64) DEFAULT NULL,
  `user_rule` int(50) DEFAULT NULL,
  `lang` varchar(2) CHARACTER SET latin1 COLLATE latin1_general_ci DEFAULT 'en',
  `member_address` varchar(75) DEFAULT NULL,
  `member_profile` varchar(70) DEFAULT NULL,
  `rank_code` tinyint(3) unsigned DEFAULT '0',
  `member_is_change` tinyint(1) DEFAULT NULL,
  `working_start_dt` date NOT NULL,
  `working_year_by_year` date DEFAULT NULL,
  `rs_status` varchar(20) DEFAULT NULL,
  `timeflag` timestamp NOT NULL DEFAULT CURRENT_TIMESTAMP ON UPDATE CURRENT_TIMESTAMP,
  `creator_id` varchar(36) CHARACTER SET latin1 COLLATE latin1_general_ci DEFAULT NULL,
  `created_dt` datetime DEFAULT NULL,
  `updater_id` varchar(36) CHARACTER SET latin1 COLLATE latin1_general_ci DEFAULT NULL,
  `updated_dt` datetime DEFAULT NULL,
  `deleted_flag` tinyint(1) NOT NULL DEFAULT '0'
) ENGINE=InnoDB  DEFAULT CHARSET=utf8 AUTO_INCREMENT=88 ;

--
-- Dumping data for table `core_member`
--

INSERT INTO `core_member` (`member_id`, `user_rule_member_id`, `member_login_name`, `member_password`, `full_name`, `member_dept_name`, `member_mobile_tel`, `member_mail`, `position`, `user_rule`, `lang`, `member_address`, `member_profile`, `rank_code`, `member_is_change`, `working_start_dt`, `working_year_by_year`, `rs_status`, `timeflag`, `creator_id`, `created_dt`, `updater_id`, `updated_dt`, `deleted_flag`) VALUES
('admin', 1, 'admin', 'd033e22ae348aeb5660fc2140aec35850c4da997', 'admin', 'Manage', '1234567', 'sample@test.comFF', 'Adminstrator', 0, 'en', 'yangon ', '9259.jpg', 1, NULL, '2015-02-02', '2016-02-02', '', '2016-02-05 10:25:55', '1', '2014-09-22 11:41:47', 'admin', '2015-05-18 10:45:27', 0),
('e99d4add-c896-11e5-9e13-4c3488333b45', 69, 'MayZin', '40bd001563085fc35165329ea1ff5c5ecbdbbeef', 'May Zin Oo', 'Andriod', '09364444877', 'mayzinoo@gmail.com', 'Junior Developer', 4, 'en', 'Yangon', '1185.', 0, NULL, '2015-05-04', NULL, NULL, '2016-02-01 03:50:19', 'admin', '2016-02-01 04:50:19', NULL, '0000-00-00 00:00:00', 0),
('1b7ddc0a-c897-11e5-9e13-4c3488333b45', 70, 'KhinNyeinChan', '40bd001563085fc35165329ea1ff5c5ecbdbbeef', 'Khin Nyein Chan Thu', 'PHP', '0985632147', 'jnct@gmail.com', 'Junior Developer', 4, 'en', 'Yangon', '10489.', 0, NULL, '2015-05-04', NULL, NULL, '2016-02-01 03:51:43', 'admin', '2016-02-01 04:51:43', NULL, '0000-00-00 00:00:00', 0),
('76efdcbe-c897-11e5-9e13-4c3488333b45', 71, 'HtarEi', '40bd001563085fc35165329ea1ff5c5ecbdbbeef', 'Htar Ei Lwin', 'Asterrisk', '096325417', 'htarei@gmail.com', 'Senior Developer', 4, 'en', 'Yangon', '64737.jpg', 0, NULL, '2015-01-02', '2016-01-01', NULL, '2016-02-09 10:15:53', 'admin', '2016-02-01 04:54:16', NULL, '0000-00-00 00:00:00', 0),
('b1ec0e82-c897-11e5-9e13-4c3488333b45', 72, 'Su Yamin', '40bd001563085fc35165329ea1ff5c5ecbdbbeef', 'Su Ya Min', 'Asterrisk', '096325418', 'suyamin@gmail.com', 'Junior Developer', 4, 'en', 'Yangon', '42990.png', 0, NULL, '2014-05-01', '2015-05-01', NULL, '2016-02-08 08:01:06', 'admin', '2016-02-01 04:55:55', NULL, '0000-00-00 00:00:00', 0),
('ea40e328-c897-11e5-9e13-4c3488333b45', 73, 'MayThu', '40bd001563085fc35165329ea1ff5c5ecbdbbeef', 'MayThu Kyaw Lin', 'Amdriod', '0925638974', 'Maythu@gmail.com', 'Junior Developer', 4, 'en', 'Yangon', '39014.', 0, NULL, '2014-05-01', NULL, NULL, '2016-02-01 03:57:30', 'admin', '2016-02-01 04:57:30', NULL, '0000-00-00 00:00:00', 0),
('2a1e1f13-c898-11e5-9e13-4c3488333b45', 74, 'Zinmon', '40bd001563085fc35165329ea1ff5c5ecbdbbeef', 'Zin Mon Thet', 'PHP', '0925487123', 'zinmon@gmail.com', 'Senior Developer', 4, 'en', 'Phyue,Bago Devision.', '15165.', 0, NULL, '2015-01-02', '2015-12-01', NULL, '2016-02-09 10:16:15', 'admin', '2016-02-01 04:59:17', NULL, '0000-00-00 00:00:00', 0),
('4a83516d-c898-11e5-9e13-4c3488333b45', 75, 'Suzin', '40bd001563085fc35165329ea1ff5c5ecbdbbeef', 'Su Zin Kyaw', 'PHP', '0925632147', 'suzin@gmail.com', 'Junior Developer', 4, 'en', 'Yangon', '50159.jpg', 0, NULL, '2015-05-01', NULL, NULL, '2016-02-08 08:02:46', 'admin', '2016-02-01 05:00:11', NULL, '0000-00-00 00:00:00', 0),
('7913e45c-c898-11e5-9e13-4c3488333b45', 76, 'KhinSanda', '40bd001563085fc35165329ea1ff5c5ecbdbbeef', 'Khin Sanda Htun', 'PHP', '09797681633', 'khinsandahtun1991@gmail.com', 'Junior Developer', 4, 'en', 'Taungoo,Bago.', '36441.jpg', 0, NULL, '2015-05-04', NULL, NULL, '2016-02-08 07:28:26', 'admin', '2016-02-01 05:01:29', NULL, '0000-00-00 00:00:00', 0),
('be928920-c898-11e5-9e13-4c3488333b45', 77, 'AungNaingHtun', '40bd001563085fc35165329ea1ff5c5ecbdbbeef', 'Aung Naing Htun', 'Andriod', '09254876321', 'aungnainghtun@gmail.com', 'Senior Developer', 4, 'en', 'Taunggyi,Shan.', '97741.', 0, NULL, '2014-05-01', NULL, NULL, '2016-02-01 04:03:26', 'admin', '2016-02-01 05:03:26', NULL, '0000-00-00 00:00:00', 0),
('efba9bad-c898-11e5-9e13-4c3488333b45', 78, 'David', '40bd001563085fc35165329ea1ff5c5ecbdbbeef', 'David ', 'PHP', '09254871236', 'david@gmail.com', 'Junior Developer', 4, 'en', 'Yangon', '97769.', 0, NULL, '2014-05-01', '2015-05-01', NULL, '2016-02-05 10:27:48', 'admin', '2016-02-01 05:04:48', NULL, '0000-00-00 00:00:00', 0),
('1bb75245-c899-11e5-9e13-4c3488333b45', 79, 'ZwemarnSoe', '40bd001563085fc35165329ea1ff5c5ecbdbbeef', 'Zwe Marn Soe', 'Andriod', '09255623147', 'zwemarnsoe@gmail.com', 'Junior Developer', 4, 'en', 'Yangon', '49200.', 0, NULL, '2015-05-04', NULL, NULL, '2016-02-01 04:06:02', 'admin', '2016-02-01 05:06:02', NULL, '0000-00-00 00:00:00', 0),
('567b46b4-c899-11e5-9e13-4c3488333b45', 80, 'Sawzinmintun', '40bd001563085fc35165329ea1ff5c5ecbdbbeef', 'Saw Zin Min Tun', 'PHP', '09797256314', 'sawzinmintun@gmail.com', 'Junior Developer', 4, 'en', 'Pha-an,Kayin', '34897.', 0, NULL, '2015-05-04', NULL, NULL, '2016-02-01 04:07:41', 'admin', '2016-02-01 05:07:41', NULL, '0000-00-00 00:00:00', 0),
('90e73464-c899-11e5-9e13-4c3488333b45', 81, 'Khinethazinphyo', '40bd001563085fc35165329ea1ff5c5ecbdbbeef', 'Khine Thazin Phyo', 'PHP', '0925487123', 'phyo@gmail.com', 'Senior Developer', 4, 'en', 'Yangon', '61743.', 0, NULL, '2015-11-02', NULL, NULL, '2016-02-01 04:09:19', 'admin', '2016-02-01 05:09:19', NULL, '0000-00-00 00:00:00', 0),
('bf1a45c8-c899-11e5-9e13-4c3488333b45', 82, 'Sanwinthetaung', '40bd001563085fc35165329ea1ff5c5ecbdbbeef', 'San Win Thet Aung', 'Andriod', '09254812368', 'sanwin@gmail.com', 'Junior Developer', 4, 'en', 'Yangon', '55179.', 0, NULL, '2015-11-02', NULL, NULL, '2016-02-08 03:29:46', 'admin', '2016-02-01 05:10:36', NULL, '0000-00-00 00:00:00', 0),
('ec3ddb79-c899-11e5-9e13-4c3488333b45', 83, 'Yanlinpaing', '40bd001563085fc35165329ea1ff5c5ecbdbbeef', 'Yan Lin Paing', 'PHP', '09258632147', 'yanlinpaing@gmail.com', 'Senior Developer', 4, 'en', 'Yangon', '63104.', 0, NULL, '2015-11-02', NULL, NULL, '2016-02-01 04:11:52', 'admin', '2016-02-01 05:11:52', NULL, '0000-00-00 00:00:00', 0),
('1fe9f520-c89a-11e5-9e13-4c3488333b45', 84, 'Eithandaaung', '40bd001563085fc35165329ea1ff5c5ecbdbbeef', 'Ei Thandar Aung', 'PHP', '092587412589', 'ei@gmail.com', 'Junior Developer', 4, 'en', 'ShweBo', '81662.', 0, NULL, '2015-11-02', NULL, NULL, '2016-02-08 03:23:55', 'admin', '2016-02-01 05:13:19', NULL, '0000-00-00 00:00:00', 0),
('587efa03-c89a-11e5-9e13-4c3488333b45', 85, 'Minkoko', '40bd001563085fc35165329ea1ff5c5ecbdbbeef', 'Min Ko Ko', 'Asterrisk', '092587458961', 'minko@gmail.com', 'Junior Developer', 4, 'en', 'ShweBo', '65393.', 0, NULL, '2015-11-02', NULL, NULL, '2016-02-01 04:14:53', 'admin', '2016-02-01 05:14:53', NULL, '0000-00-00 00:00:00', 0),
('9bba90bc-c89a-11e5-9e13-4c3488333b45', 86, 'NiniMyint', '40bd001563085fc35165329ea1ff5c5ecbdbbeef', 'Ni Ni Myint', 'Manage', '0952874569', 'ninimyint@gmail.com', 'Staff', 4, 'en', 'Yangon', '34268.', 0, NULL, '2015-11-02', NULL, NULL, '2016-02-01 04:16:46', 'admin', '2016-02-01 05:16:46', NULL, '0000-00-00 00:00:00', 0),
('64a541d0-c96c-11e5-9396-4c3488333b45', 87, 'MyatNoe', '40bd001563085fc35165329ea1ff5c5ecbdbbeef', 'May Myat Noe Nyein', 'Andriod', '0975896324', 'myatnoe@gmail.com', 'Junior Developer', 4, 'en', 'Yangon', '54993.', 0, NULL, '2015-12-01', NULL, NULL, '2016-02-02 05:18:28', 'admin', '2016-02-02 06:18:28', NULL, '0000-00-00 00:00:00', 0);

-- --------------------------------------------------------

--
-- Table structure for table `core_module`
--

CREATE TABLE IF NOT EXISTS `core_module` (
  `module_id` varchar(36) NOT NULL,
  `module_category_id` tinyint(1) unsigned DEFAULT NULL,
  `module_name_ja` varchar(16) CHARACTER SET utf8 COLLATE utf8_unicode_ci DEFAULT NULL,
  `module_name_en` varchar(32) CHARACTER SET latin1 COLLATE latin1_general_ci NOT NULL,
  `module_version` int(10) unsigned DEFAULT NULL,
  `module_dt_updt` datetime DEFAULT NULL,
  `module_detail` text,
  `module_order` int(10) unsigned DEFAULT NULL,
  `deleted_flag` tinyint(1) DEFAULT '0'
) ENGINE=InnoDB DEFAULT CHARSET=utf8;

-- --------------------------------------------------------

--
-- Table structure for table `core_notification`
--

CREATE TABLE IF NOT EXISTS `core_notification` (
  `noti_creator_id` varchar(36) CHARACTER SET latin1 COLLATE latin1_general_ci NOT NULL,
  `creator_name` varchar(36) CHARACTER SET latin1 COLLATE latin1_general_ci DEFAULT NULL,
  `module_name` varchar(30) CHARACTER SET latin1 COLLATE latin1_general_ci NOT NULL,
  `noti_id` varchar(36) CHARACTER SET latin1 COLLATE latin1_general_ci NOT NULL,
  `noti_status` tinyint(4) NOT NULL,
  `created_time` datetime NOT NULL DEFAULT CURRENT_TIMESTAMP
) ENGINE=InnoDB DEFAULT CHARSET=latin1;

--
-- Dumping data for table `core_notification`
--

INSERT INTO `core_notification` (`noti_creator_id`, `creator_name`, `module_name`, `noti_id`, `noti_status`, `created_time`) VALUES
('admin', 'admin', 'leaves', '29061', 0, '2016-02-05 16:19:59'),
('e99d4add-c896-11e5-9e13-4c3488333b45', 'admin', 'leaves', '29061', 0, '2016-02-05 16:19:59'),
('1b7ddc0a-c897-11e5-9e13-4c3488333b45', 'admin', 'leaves', '29061', 0, '2016-02-05 16:19:59'),
('76efdcbe-c897-11e5-9e13-4c3488333b45', 'admin', 'leaves', '29061', 0, '2016-02-05 16:19:59'),
('b1ec0e82-c897-11e5-9e13-4c3488333b45', 'admin', 'leaves', '29061', 0, '2016-02-05 16:20:00'),
('ea40e328-c897-11e5-9e13-4c3488333b45', 'admin', 'leaves', '29061', 0, '2016-02-05 16:20:00'),
('2a1e1f13-c898-11e5-9e13-4c3488333b45', 'admin', 'leaves', '29061', 0, '2016-02-05 16:20:00'),
('4a83516d-c898-11e5-9e13-4c3488333b45', 'admin', 'leaves', '29061', 0, '2016-02-05 16:20:00'),
('7913e45c-c898-11e5-9e13-4c3488333b45', 'admin', 'leaves', '29061', 0, '2016-02-05 16:20:00'),
('be928920-c898-11e5-9e13-4c3488333b45', 'admin', 'leaves', '29061', 0, '2016-02-05 16:20:00'),
('efba9bad-c898-11e5-9e13-4c3488333b45', 'admin', 'leaves', '29061', 0, '2016-02-05 16:20:00'),
('1bb75245-c899-11e5-9e13-4c3488333b45', 'admin', 'leaves', '29061', 0, '2016-02-05 16:20:00'),
('567b46b4-c899-11e5-9e13-4c3488333b45', 'admin', 'leaves', '29061', 0, '2016-02-05 16:20:00'),
('90e73464-c899-11e5-9e13-4c3488333b45', 'admin', 'leaves', '29061', 0, '2016-02-05 16:20:00'),
('bf1a45c8-c899-11e5-9e13-4c3488333b45', 'admin', 'leaves', '29061', 0, '2016-02-05 16:20:00'),
('ec3ddb79-c899-11e5-9e13-4c3488333b45', 'admin', 'leaves', '29061', 0, '2016-02-05 16:20:00'),
('1fe9f520-c89a-11e5-9e13-4c3488333b45', 'admin', 'leaves', '29061', 0, '2016-02-05 16:20:00'),
('587efa03-c89a-11e5-9e13-4c3488333b45', 'admin', 'leaves', '29061', 0, '2016-02-05 16:20:00'),
('9bba90bc-c89a-11e5-9e13-4c3488333b45', 'admin', 'leaves', '29061', 0, '2016-02-05 16:20:00'),
('64a541d0-c96c-11e5-9396-4c3488333b45', 'admin', 'leaves', '29061', 0, '2016-02-05 16:20:00');

-- --------------------------------------------------------

--
-- Table structure for table `core_notification_rel_member`
--

CREATE TABLE IF NOT EXISTS `core_notification_rel_member` (
  `creator_name` varchar(36) CHARACTER SET latin1 COLLATE latin1_general_ci DEFAULT NULL,
  `member_id` varchar(36) CHARACTER SET latin1 COLLATE latin1_general_ci NOT NULL,
  `noti_id` varchar(36) NOT NULL,
  `status` tinyint(4) NOT NULL,
  `module_name` varchar(11) NOT NULL,
  `created_time` datetime NOT NULL DEFAULT CURRENT_TIMESTAMP
) ENGINE=InnoDB DEFAULT CHARSET=latin1;

--
-- Dumping data for table `core_notification_rel_member`
--

INSERT INTO `core_notification_rel_member` (`creator_name`, `member_id`, `noti_id`, `status`, `module_name`, `created_time`) VALUES
('admin', '7913e45c-c898-11e5-9e13-4c3488333b45', '29061', 0, 'leaves', '2016-02-05 16:20:00');

-- --------------------------------------------------------

--
-- Table structure for table `core_permission`
--

CREATE TABLE IF NOT EXISTS `core_permission` (
  `id` int(200) NOT NULL,
  `permission_code` varchar(32) CHARACTER SET latin1 COLLATE latin1_general_ci NOT NULL,
  `module_id` varchar(36) CHARACTER SET latin1 COLLATE latin1_general_ci NOT NULL DEFAULT '',
  `permission_name_en` varchar(128) CHARACTER SET utf8 COLLATE utf8_unicode_ci DEFAULT NULL,
  `permission_name_ja` varchar(128) CHARACTER SET utf8 COLLATE utf8_unicode_ci NOT NULL,
  `permission_name_my` varchar(128) CHARACTER SET utf8 COLLATE utf8_unicode_ci NOT NULL,
  `permission_note` text CHARACTER SET utf8 COLLATE utf8_unicode_ci,
  `permission_created_time` datetime DEFAULT NULL,
  `permission_updated_time` datetime DEFAULT NULL,
  `permission_is_deleted` tinyint(1) DEFAULT '0',
  `permission_creator_id` varchar(36) CHARACTER SET latin1 COLLATE latin1_general_ci DEFAULT NULL,
  `permission_updater_id` varchar(36) CHARACTER SET latin1 COLLATE latin1_general_ci DEFAULT NULL
) ENGINE=InnoDB DEFAULT CHARSET=utf8;

--
-- Dumping data for table `core_permission`
--

INSERT INTO `core_permission` (`id`, `permission_code`, `module_id`, `permission_name_en`, `permission_name_ja`, `permission_name_my`, `permission_note`, `permission_created_time`, `permission_updated_time`, `permission_is_deleted`, `permission_creator_id`, `permission_updater_id`) VALUES
(1, 'admin_dashboard', 'admin', 'Dashboard', '', '', 'dashboard', NULL, NULL, 0, NULL, NULL),
(2, 'show_admin_attlist', 'attendance', 'Attendance List', '', '', NULL, NULL, NULL, 0, NULL, NULL),
(3, 'show_admin_manage', 'user', 'Manage User', '', '', NULL, NULL, NULL, 0, NULL, NULL),
(4, 'show_admin_leave', 'leave', 'Leave days', '', '', NULL, NULL, NULL, 0, NULL, NULL),
(5, 'show_admin_calendar', 'calendar', 'Calendar', '', '', NULL, NULL, NULL, 0, NULL, NULL),
(6, 'show_salary', 'salary', 'Salary', '', '', NULL, NULL, NULL, 0, NULL, NULL),
(7, 'user_dashboard', 'checkinout', 'Dashboard', '', '', NULL, NULL, NULL, 0, NULL, NULL),
(8, 'show_user_attlist', 'attendance', 'Attendance List', '', '', NULL, NULL, NULL, 0, NULL, NULL),
(9, 'show_user_leave', 'leave', 'Leave days', '', '', NULL, NULL, NULL, 0, NULL, NULL),
(10, 'show_admin_attlist', 'attendance', 'Today List', '', '', NULL, NULL, NULL, 0, NULL, NULL),
(11, 'show_admin_attlist', 'attendance', 'Monthly List', '', '', NULL, NULL, NULL, 0, NULL, NULL),
(12, 'show_admin_leave', 'leave', 'Leave List', '', '', NULL, NULL, NULL, 0, NULL, NULL),
(13, 'show_admin_leave', 'leave', 'Apply Leave', '', '', NULL, NULL, NULL, 0, NULL, NULL),
(14, 'show_salary', 'salary', 'Add Salary', '', '', NULL, NULL, NULL, 0, NULL, NULL),
(15, 'show_salary', 'salary', 'Salary List', '', '', NULL, NULL, NULL, 0, NULL, NULL),
(16, 'show_salary', 'salary', 'Monthly Salary', '', '', NULL, NULL, NULL, 0, NULL, NULL),
(17, 'show_user_calendar', 'calendar', 'Calendar', '', '', NULL, NULL, NULL, 0, NULL, NULL),
(18, 'show_user_leave', 'leave', 'Leave List', '', '', NULL, NULL, NULL, 0, NULL, NULL),
(19, 'show_user_leave', 'leave', 'Apply Leave', '', '', NULL, NULL, NULL, 0, NULL, NULL),
(20, 'show_salary', 'salary', 'Salary Setting', '', 'setting', NULL, NULL, NULL, 0, NULL, NULL),
(21, 'show_salary', 'salary', 'Allowance', '', '', NULL, '2015-08-06 00:00:00', NULL, 0, NULL, NULL),
(22, 'show_admin_leave', 'leave', 'Leave Setting', '', 'setting', NULL, NULL, NULL, 0, NULL, NULL),
(23, 'show_admin_document', 'document', 'Document', '', '', NULL, NULL, NULL, 0, NULL, NULL),
(24, 'show_admin_document', 'document', 'Letterhead', '', 'Letterhead', NULL, NULL, NULL, 0, NULL, NULL),
(25, 'show_admin_document', 'document', 'SSB Document', 'SSB ', 'SSB ', NULL, NULL, NULL, 0, NULL, NULL),
(26, 'show_admin_document', 'document', 'Tax document', '', '', NULL, NULL, NULL, 0, NULL, NULL),
(27, 'show_admin_setting', 'setting', 'admin', '', '', NULL, NULL, NULL, 0, NULL, NULL),
(28, 'show_admin_notification', 'notification', 'notification', 'notification', 'notification', NULL, NULL, NULL, 0, NULL, NULL),
(29, 'show_user_notification', 'notification', 'notification', 'notification', 'notification', NULL, NULL, NULL, 0, NULL, NULL),
(30, 'show_user_setting', 'setting', 'setting', '', '', '', NULL, NULL, 0, NULL, NULL),
(31, 'show_admin_attlist', 'attendance', 'Attendance Chart', 'Attendance Chart', 'Attendance Chart', NULL, NULL, NULL, 0, NULL, NULL);

-- --------------------------------------------------------

--
-- Table structure for table `core_permission_group`
--

CREATE TABLE IF NOT EXISTS `core_permission_group` (
`idpage` int(50) NOT NULL,
  `page_rule_group` int(50) NOT NULL,
  `permission_code` varchar(36) CHARACTER SET latin1 COLLATE latin1_general_ci NOT NULL,
  `permission_group_code` varchar(36) CHARACTER SET latin1 COLLATE latin1_general_ci NOT NULL,
  `permission_group_name` varchar(32) CHARACTER SET utf8 COLLATE utf8_unicode_ci NOT NULL,
  `creator_id` varchar(36) CHARACTER SET latin1 COLLATE latin1_general_ci DEFAULT NULL,
  `created_dt` timestamp NULL DEFAULT NULL,
  `updater_id` varchar(36) CHARACTER SET latin1 COLLATE latin1_general_ci DEFAULT NULL,
  `updated_dt` datetime DEFAULT NULL,
  `deleted_flag` tinyint(1) NOT NULL DEFAULT '0',
  `order_num` int(11) unsigned NOT NULL DEFAULT '0'
) ENGINE=InnoDB  DEFAULT CHARSET=utf8 AUTO_INCREMENT=48 ;

--
-- Dumping data for table `core_permission_group`
--

INSERT INTO `core_permission_group` (`idpage`, `page_rule_group`, `permission_code`, `permission_group_code`, `permission_group_name`, `creator_id`, `created_dt`, `updater_id`, `updated_dt`, `deleted_flag`, `order_num`) VALUES
(1, 1, 'admin_dashboard', 'ADMIN', 'administrator', NULL, NULL, NULL, NULL, 0, 0),
(2, 1, 'show_admin_attlist', 'ADMIN', 'administrator', NULL, NULL, NULL, NULL, 0, 0),
(3, 1, 'show_admin_manage', 'ADMIN', 'administrator', NULL, NULL, NULL, NULL, 0, 0),
(4, 1, 'show_admin_leave', 'ADMIN', 'administrator', NULL, NULL, NULL, NULL, 0, 0),
(5, 1, 'show_admin_calendar', 'ADMIN', 'administrator', NULL, NULL, NULL, NULL, 0, 0),
(6, 1, 'show_salary', 'ADMIN', 'administrator', NULL, NULL, NULL, NULL, 0, 0),
(7, 4, 'usersetting', 'USER', 'user', NULL, NULL, NULL, NULL, 0, 0),
(8, 4, 'show_user_attlist', 'USER', 'user', NULL, NULL, NULL, NULL, 0, 0),
(9, 4, 'show_user_leave', 'USER', 'user', NULL, NULL, NULL, NULL, 0, 0),
(10, 4, 'show_user_calendar', 'USER', 'user', NULL, NULL, NULL, NULL, 0, 0),
(11, 1, 'show_admin_document', 'ADMIN', 'administrator', NULL, NULL, NULL, NULL, 0, 0),
(20, 1, 'show_admin_setting', 'ADMIN', 'admin', NULL, NULL, NULL, NULL, 0, 0),
(25, 4, 'user_dashboard', 'USER', 'user', 'admin', '2015-12-06 20:02:14', NULL, NULL, 0, 0),
(26, 1, 'show_admin_notification', 'ADMIN', 'admin', 'admin', '2015-12-06 20:10:22', NULL, NULL, 0, 0),
(27, 4, 'show_user_notification', 'USER', 'user', 'admin', '2015-12-06 20:10:37', NULL, NULL, 0, 0),
(29, 1, 'show_admin_setting', 'ADMIN', 'admin', 'admin', '2015-12-16 17:20:29', NULL, NULL, 0, 0),
(30, 4, 'show_user_setting', 'USER', 'user', NULL, NULL, NULL, NULL, 0, 0),
(33, 3, 'user_dashboard', 'ADMIN', 'admin', 'admin', '2015-12-22 21:48:15', NULL, NULL, 0, 0),
(34, 3, 'show_salary', 'ACCOUNT', 'account', 'admin', '2015-12-22 21:51:33', NULL, NULL, 0, 0),
(35, 11, 'admin_dashboard', 'TEST', 'test', 'admin', '2015-12-23 04:12:24', NULL, NULL, 0, 0),
(36, 11, 'show_user_notification', 'TEST', 'test', 'admin', '2015-12-24 02:07:58', NULL, NULL, 0, 0),
(38, 11, 'show_user_attlist', 'TEST', 'test', 'admin', '2015-12-24 02:20:21', NULL, NULL, 0, 0),
(39, 2, 'user_dashboard', 'MANGER', 'manger', 'admin', '2015-12-24 02:48:34', NULL, NULL, 0, 0),
(40, 4, 'show_user_leave', 'USER', 'user', 'admin', '2016-01-15 04:01:09', NULL, NULL, 0, 0),
(41, 1, 'faf', 'ADMIN', 'admin', 'admin', '2016-01-20 02:19:11', NULL, NULL, 0, 0),
(42, 14, 'user_dashboard', 'ss', 'ss', 'admin', '2016-01-20 04:01:11', NULL, NULL, 0, 0),
(43, 1, 'show_admin_document', 'ADMIN', 'admin', 'admin', '2016-01-24 02:12:12', NULL, NULL, 0, 0),
(44, 1, 'show_admin_calendar', 'ADMIN', 'admin', 'admin', '2016-01-24 02:12:22', NULL, NULL, 0, 0),
(45, 5, 'admin_dashboard', 'MANAGER', 'manager', 'admin', '2016-02-07 21:39:02', NULL, NULL, 0, 0),
(46, 5, 'show_admin_attlist', 'MANAGER', 'manager', 'admin', '2016-02-07 21:40:17', NULL, NULL, 0, 0),
(47, 5, 'show_admin_leave', 'MANAGER', 'manager', 'admin', '2016-02-07 21:40:31', NULL, NULL, 0, 0);

-- --------------------------------------------------------

--
-- Table structure for table `core_permission_group_id`
--

CREATE TABLE IF NOT EXISTS `core_permission_group_id` (
`group_id` int(50) NOT NULL,
  `name_of_group` varchar(50) CHARACTER SET utf8 COLLATE utf8_unicode_ci NOT NULL
) ENGINE=InnoDB  DEFAULT CHARSET=utf8 AUTO_INCREMENT=6 ;

--
-- Dumping data for table `core_permission_group_id`
--

INSERT INTO `core_permission_group_id` (`group_id`, `name_of_group`) VALUES
(1, 'ADMIN'),
(4, 'USER'),
(5, 'MANAGER');

-- --------------------------------------------------------

--
-- Table structure for table `core_permission_rel_dept`
--

CREATE TABLE IF NOT EXISTS `core_permission_rel_dept` (
  `rel_dept_code` varchar(36) CHARACTER SET latin1 COLLATE latin1_general_ci NOT NULL DEFAULT '',
  `rel_permission_group_code` varchar(36) CHARACTER SET latin1 COLLATE latin1_general_ci NOT NULL,
  `creator_id` varchar(36) CHARACTER SET latin1 COLLATE latin1_general_ci NOT NULL,
  `created_dt` datetime NOT NULL
) ENGINE=InnoDB DEFAULT CHARSET=utf8;

-- --------------------------------------------------------

--
-- Table structure for table `core_permission_rel_member`
--

CREATE TABLE IF NOT EXISTS `core_permission_rel_member` (
  `rel_member_id` varchar(200) CHARACTER SET utf8 COLLATE utf8_unicode_ci NOT NULL DEFAULT '0',
  `permission_group_id_user` int(50) DEFAULT NULL,
  `permission_member_group_member_name` varchar(100) CHARACTER SET utf8 COLLATE utf8_unicode_ci DEFAULT NULL,
  `rel_permission_group_code` varchar(36) CHARACTER SET utf8 COLLATE utf8_unicode_ci DEFAULT NULL,
  `creator_id` varchar(36) CHARACTER SET latin1 COLLATE latin1_general_ci DEFAULT NULL,
  `created_dt` datetime DEFAULT NULL,
  `permission_member_group_is_deleted` int(11) DEFAULT '0'
) ENGINE=InnoDB DEFAULT CHARSET=utf8;

--
-- Dumping data for table `core_permission_rel_member`
--

INSERT INTO `core_permission_rel_member` (`rel_member_id`, `permission_group_id_user`, `permission_member_group_member_name`, `rel_permission_group_code`, `creator_id`, `created_dt`, `permission_member_group_is_deleted`) VALUES
('1b7ddc0a-c897-11e5-9e13-4c3488333b45', 4, NULL, 'USER', 'admin', '2016-02-01 10:21:43', 0),
('1bb75245-c899-11e5-9e13-4c3488333b45', 4, NULL, 'USER', 'admin', '2016-02-01 10:36:02', 0),
('1fe9f520-c89a-11e5-9e13-4c3488333b45', 4, NULL, 'USER', 'admin', '2016-02-01 10:43:19', 0),
('2a1e1f13-c898-11e5-9e13-4c3488333b45', 4, NULL, 'USER', 'admin', '2016-02-01 10:29:17', 0),
('4a83516d-c898-11e5-9e13-4c3488333b45', 4, NULL, 'USER', 'admin', '2016-02-01 10:30:11', 0),
('567b46b4-c899-11e5-9e13-4c3488333b45', 4, NULL, 'USER', 'admin', '2016-02-01 10:37:41', 0),
('587efa03-c89a-11e5-9e13-4c3488333b45', 4, NULL, 'USER', 'admin', '2016-02-01 10:44:54', 0),
('64a541d0-c96c-11e5-9396-4c3488333b45', 4, NULL, 'USER', 'admin', '2016-02-02 11:48:28', 0),
('76efdcbe-c897-11e5-9e13-4c3488333b45', 4, NULL, 'USER', 'admin', '2016-02-01 10:24:16', 0),
('7913e45c-c898-11e5-9e13-4c3488333b45', 4, NULL, 'USER', 'admin', '2016-02-01 10:31:29', 0),
('90e73464-c899-11e5-9e13-4c3488333b45', 4, NULL, 'USER', 'admin', '2016-02-01 10:39:19', 0),
('9bba90bc-c89a-11e5-9e13-4c3488333b45', 4, NULL, 'USER', 'admin', '2016-02-01 10:46:46', 0),
('admin', 1, 'admin', 'ADMIN', '', '0000-00-00 00:00:00', 0),
('b1ec0e82-c897-11e5-9e13-4c3488333b45', 4, NULL, 'USER', 'admin', '2016-02-01 10:25:55', 0),
('be928920-c898-11e5-9e13-4c3488333b45', 4, NULL, 'USER', 'admin', '2016-02-01 10:33:26', 0),
('bf1a45c8-c899-11e5-9e13-4c3488333b45', 4, NULL, 'USER', 'admin', '2016-02-01 10:40:36', 0),
('e99d4add-c896-11e5-9e13-4c3488333b45', 4, NULL, 'USER', 'admin', '2016-02-01 10:20:19', 0),
('ea40e328-c897-11e5-9e13-4c3488333b45', 4, NULL, 'USER', 'admin', '2016-02-01 10:27:30', 0),
('ec3ddb79-c899-11e5-9e13-4c3488333b45', 4, NULL, 'USER', 'admin', '2016-02-01 10:41:52', 0),
('efba9bad-c898-11e5-9e13-4c3488333b45', 4, NULL, 'USER', 'admin', '2016-02-01 10:34:48', 0);

-- --------------------------------------------------------

--
-- Table structure for table `core_session`
--

CREATE TABLE IF NOT EXISTS `core_session` (
  `id` char(32) CHARACTER SET latin1 COLLATE latin1_general_ci NOT NULL DEFAULT '',
  `modified` int(11) DEFAULT NULL,
  `lifetime` int(11) DEFAULT NULL,
  `data` text
) ENGINE=InnoDB DEFAULT CHARSET=utf8;

-- --------------------------------------------------------

--
-- Table structure for table `forgot_password`
--

CREATE TABLE IF NOT EXISTS `forgot_password` (
`ID` int(11) NOT NULL,
  `check_mail` varchar(256) COLLATE utf8_unicode_ci NOT NULL,
  `token` varchar(256) COLLATE utf8_unicode_ci NOT NULL,
  `curdate` date NOT NULL
) ENGINE=InnoDB DEFAULT CHARSET=utf8 COLLATE=utf8_unicode_ci AUTO_INCREMENT=1 ;

-- --------------------------------------------------------

--
-- Table structure for table `for_get_user`
--

CREATE TABLE IF NOT EXISTS `for_get_user` (
  `token` char(40) CHARACTER SET utf8 COLLATE utf8_unicode_ci NOT NULL,
  `email` varchar(45) CHARACTER SET utf8 COLLATE utf8_unicode_ci NOT NULL,
  `tstamp` int(10) unsigned NOT NULL
) ENGINE=InnoDB DEFAULT CHARSET=utf8;

-- --------------------------------------------------------

--
-- Table structure for table `leaves`
--

CREATE TABLE IF NOT EXISTS `leaves` (
`id` int(11) NOT NULL,
  `member_id` varchar(36) CHARACTER SET latin1 COLLATE latin1_general_ci NOT NULL,
  `start_date` datetime NOT NULL,
  `end_date` datetime NOT NULL,
  `date` datetime NOT NULL,
  `leave_days` double NOT NULL,
  `leave_category` varchar(30) COLLATE utf8_unicode_ci NOT NULL,
  `leave_description` varchar(36) COLLATE utf8_unicode_ci NOT NULL,
  `leave_status` tinyint(1) NOT NULL,
  `total_leavedays` double NOT NULL,
  `noti_id` varchar(36) COLLATE utf8_unicode_ci NOT NULL,
  `module_name` varchar(10) CHARACTER SET latin1 COLLATE latin1_general_ci NOT NULL DEFAULT 'leaves',
  `noti_seen` int(11) DEFAULT NULL,
  `creator_id` varchar(36) CHARACTER SET latin1 COLLATE latin1_general_ci DEFAULT NULL,
  `created_dt` datetime DEFAULT NULL,
  `updater_id` varchar(36) COLLATE utf8_unicode_ci DEFAULT NULL,
  `updated_dt` datetime DEFAULT NULL,
  `deleted_flag` tinyint(1) NOT NULL DEFAULT '0'
) ENGINE=InnoDB DEFAULT CHARSET=utf8 COLLATE=utf8_unicode_ci AUTO_INCREMENT=1 ;

-- --------------------------------------------------------

--
-- Table structure for table `leaves_setting`
--

CREATE TABLE IF NOT EXISTS `leaves_setting` (
  `max_leavedays` tinyint(4) NOT NULL,
  `fine_amount` int(11) NOT NULL DEFAULT '0' COMMENT 'percentage on basic salary'
) ENGINE=InnoDB DEFAULT CHARSET=latin1;

--
-- Dumping data for table `leaves_setting`
--

INSERT INTO `leaves_setting` (`max_leavedays`, `fine_amount`) VALUES
(16, 0);

-- --------------------------------------------------------

--
-- Table structure for table `leave_categories`
--

CREATE TABLE IF NOT EXISTS `leave_categories` (
  `leavetype_id` varchar(36) NOT NULL COMMENT 'uuid',
  `leavetype_name` varchar(60) NOT NULL,
  `created_dt` datetime NOT NULL
) ENGINE=InnoDB DEFAULT CHARSET=latin1;

--
-- Dumping data for table `leave_categories`
--

INSERT INTO `leave_categories` (`leavetype_id`, `leavetype_name`, `created_dt`) VALUES
('a58f10f9-4499-11e5-a5ce-19cbaf0a2497', 'On Vacation', '0000-00-00 00:00:00'),
('da75129c-4499-11e5-a5ce-19cbaf0a2497', 'Because Of ill', '0000-00-00 00:00:00'),
('88278d72-4561-11e5-959c-97f2fa0c4d5d', 'Others', '0000-00-00 00:00:00'),
('95eb0765-9d54-11e5-9bf6-4c3488333b45', 'Family Case', '2015-12-08 09:07:12');

-- --------------------------------------------------------

--
-- Table structure for table `member_event_permission`
--

CREATE TABLE IF NOT EXISTS `member_event_permission` (
  `member_name` varchar(500) COLLATE utf8_unicode_ci NOT NULL,
  `permit_name` varchar(30) COLLATE utf8_unicode_ci NOT NULL,
  `delete_flag` tinyint(1) NOT NULL
) ENGINE=InnoDB DEFAULT CHARSET=utf8 COLLATE=utf8_unicode_ci;

-- --------------------------------------------------------

--
-- Table structure for table `member_log`
--

CREATE TABLE IF NOT EXISTS `member_log` (
  `token` varchar(50) COLLATE utf8_unicode_ci NOT NULL,
  `member_id` varchar(50) COLLATE utf8_unicode_ci NOT NULL,
  `time` timestamp NOT NULL DEFAULT CURRENT_TIMESTAMP ON UPDATE CURRENT_TIMESTAMP,
  `ip_address` varchar(50) COLLATE utf8_unicode_ci DEFAULT NULL,
  `mac` varchar(50) COLLATE utf8_unicode_ci DEFAULT NULL
) ENGINE=InnoDB DEFAULT CHARSET=utf8 COLLATE=utf8_unicode_ci;

--
-- Dumping data for table `member_log`
--

INSERT INTO `member_log` (`token`, `member_id`, `time`, `ip_address`, `mac`) VALUES
('  ', ' admin ', '2016-01-28 04:23:41', ' 192.168.179.5 ', NULL),
('  ', ' admin ', '2016-01-28 04:25:37', ' 192.168.179.5 ', NULL),
('  ', ' admin ', '2016-02-01 03:48:25', ' 192.168.43.189 ', NULL),
('  ', ' admin ', '2016-02-01 07:59:32', ' 192.168.43.189 ', NULL),
('  ', ' zinmon ', '2016-02-01 08:43:39', '  ', NULL),
('  ', ' zinmon ', '2016-02-01 08:44:07', '  ', NULL),
('  ', ' admin ', '2016-02-02 03:04:12', ' 192.168.179.10 ', NULL),
('  ', ' admin ', '2016-02-02 09:59:38', ' 192.168.179.10 ', NULL),
('  ', ' admin ', '2016-02-02 10:27:43', ' 192.168.179.10 ', NULL),
('  ', ' admin ', '2016-02-03 01:44:26', ' 192.168.179.10 ', NULL),
('  ', ' admin ', '2016-02-03 02:43:29', ' 192.168.179.10 ', NULL),
('  ', ' admin ', '2016-02-04 03:04:23', ' 192.168.179.10 ', NULL),
('  ', ' admin ', '2016-02-04 10:10:18', ' 192.168.179.10 ', NULL),
('  ', ' admin ', '2016-02-05 01:37:27', ' 192.168.179.10 ', NULL);

-- --------------------------------------------------------

--
-- Table structure for table `salary_detail`
--

CREATE TABLE IF NOT EXISTS `salary_detail` (
  `id` varchar(36) CHARACTER SET latin1 COLLATE latin1_general_ci NOT NULL,
  `member_id` varchar(36) CHARACTER SET latin1 COLLATE latin1_general_ci NOT NULL,
  `basic_salary` double DEFAULT NULL,
  `basic_salary_annual` double NOT NULL,
  `travel_fee` double DEFAULT NULL,
  `overtime` double DEFAULT NULL,
  `allowance_amount` double DEFAULT NULL,
  `special_allowance` double DEFAULT NULL,
  `ssc_comp` double DEFAULT NULL,
  `ssc_emp` double DEFAULT NULL,
  `absent_dedution` double DEFAULT NULL,
  `income_tax` double DEFAULT NULL,
  `total_annual_income` double NOT NULL,
  `basic_examption` double NOT NULL,
  `pay_date` datetime DEFAULT NULL,
  `resign_date` date DEFAULT NULL,
  `print_id` int(11) NOT NULL,
  `creator_id` varchar(36) CHARACTER SET latin1 COLLATE latin1_general_ci DEFAULT NULL,
  `created_dt` datetime DEFAULT NULL,
  `updater_id` varchar(36) CHARACTER SET latin1 COLLATE latin1_general_ci DEFAULT NULL,
  `updated_dt` datetime DEFAULT NULL,
  `deleted_flag` tinyint(1) NOT NULL DEFAULT '0'
) ENGINE=InnoDB DEFAULT CHARSET=utf8 COLLATE=utf8_unicode_ci;

--
-- Dumping data for table `salary_detail`
--

INSERT INTO `salary_detail` (`id`, `member_id`, `basic_salary`, `basic_salary_annual`, `travel_fee`, `overtime`, `allowance_amount`, `special_allowance`, `ssc_comp`, `ssc_emp`, `absent_dedution`, `income_tax`, `total_annual_income`, `basic_examption`, `pay_date`, `resign_date`, `print_id`, `creator_id`, `created_dt`, `updater_id`, `updated_dt`, `deleted_flag`) VALUES
('06041c1d-ca36-11e5-99ec-4c3488333b45', '1b7ddc0a-c897-11e5-9e13-4c3488333b45', 200000, 600000, 0, 0, 0, 20000, 6000, 4000, 0, 0, 0, 120000, '2016-01-31 00:00:00', NULL, 0, 'admin', '2016-02-03 11:51:48', NULL, NULL, 0),
('06112ca2-ca36-11e5-99ec-4c3488333b45', '1bb75245-c899-11e5-9e13-4c3488333b45', 200000, 600000, 0, 0, 0, 20000, 6000, 4000, 0, 0, 0, 120000, '2016-01-31 00:00:00', NULL, 0, 'admin', '2016-02-03 11:51:48', NULL, NULL, 0),
('061aeabe-ca36-11e5-99ec-4c3488333b45', '1fe9f520-c89a-11e5-9e13-4c3488333b45', 150000, 450000, 0, 0, 0, 20000, 4500, 3000, 0, 0, 0, 90000, '2016-01-31 00:00:00', NULL, 0, 'admin', '2016-02-03 11:51:48', NULL, NULL, 0),
('0622847b-ca36-11e5-99ec-4c3488333b45', '2a1e1f13-c898-11e5-9e13-4c3488333b45', 600000, 1800000, 0, 0, 0, NULL, 9000, 6000, 0, 10424, 0, 360000, '2016-01-31 00:00:00', NULL, 0, 'admin', '2016-02-03 11:51:48', NULL, NULL, 0),
('0629eda9-ca36-11e5-99ec-4c3488333b45', '4a83516d-c898-11e5-9e13-4c3488333b45', 204000, 612000, 0, 0, 0, 20000, 6120, 4080, 0, 0, 0, 122400, '2016-01-31 00:00:00', NULL, 0, 'admin', '2016-02-03 11:51:48', NULL, NULL, 0),
('062e0230-ca36-11e5-99ec-4c3488333b45', '567b46b4-c899-11e5-9e13-4c3488333b45', 200000, 600000, 15200, 0, 0, 20000, 6000, 4000, 0, 0, 0, 120000, '2016-01-31 00:00:00', NULL, 0, 'admin', '2016-02-03 11:51:48', NULL, NULL, 0),
('0635b182-ca36-11e5-99ec-4c3488333b45', '587efa03-c89a-11e5-9e13-4c3488333b45', 200000, 600000, 0, 0, 0, 20000, 6000, 4000, 0, 0, 0, 120000, '2016-01-31 00:00:00', NULL, 0, 'admin', '2016-02-03 11:51:48', NULL, NULL, 0),
('063c027d-ca36-11e5-99ec-4c3488333b45', '64a541d0-c96c-11e5-9396-4c3488333b45', 150000, 450000, 18000, 0, 0, NULL, 4500, 3000, 0, 0, 0, 90000, '2016-01-31 00:00:00', NULL, 0, 'admin', '2016-02-03 11:51:48', NULL, NULL, 0),
('0640be82-ca36-11e5-99ec-4c3488333b45', '76efdcbe-c897-11e5-9e13-4c3488333b45', 600000, 1800000, 0, 0, 0, 20000, 9000, 6000, 0, 10424, 0, 360000, '2016-01-31 00:00:00', NULL, 0, 'admin', '2016-02-03 11:51:48', NULL, NULL, 0),
('0644cb65-ca36-11e5-99ec-4c3488333b45', '7913e45c-c898-11e5-9e13-4c3488333b45', 200000, 600000, 19000, 0, 0, NULL, 6000, 4000, 0, 0, 0, 120000, '2016-01-31 00:00:00', NULL, 0, 'admin', '2016-02-03 11:51:48', NULL, NULL, 0),
('0649a0bf-ca36-11e5-99ec-4c3488333b45', '90e73464-c899-11e5-9e13-4c3488333b45', 250000, 750000, 0, 0, 0, NULL, 7500, 5000, 0, 0, 0, 150000, '2016-01-31 00:00:00', NULL, 0, 'admin', '2016-02-03 11:51:48', NULL, NULL, 0),
('064db150-ca36-11e5-99ec-4c3488333b45', '9bba90bc-c89a-11e5-9e13-4c3488333b45', 150000, 450000, 25500, 0, 0, NULL, 4500, 3000, 0, 0, 0, 90000, '2016-01-31 00:00:00', NULL, 0, 'admin', '2016-02-03 11:51:48', NULL, NULL, 0),
('06513594-ca36-11e5-99ec-4c3488333b45', 'b1ec0e82-c897-11e5-9e13-4c3488333b45', 204000, 612000, 14400, 0, 0, 20000, 6120, 4080, 0, 0, 0, 122400, '2016-01-31 00:00:00', NULL, 0, 'admin', '2016-02-03 11:51:48', NULL, NULL, 0),
('06554b3d-ca36-11e5-99ec-4c3488333b45', 'be928920-c898-11e5-9e13-4c3488333b45', 300000, 900000, 0, 0, 0, NULL, 9000, 6000, 0, 0, 0, 180000, '2016-01-31 00:00:00', NULL, 0, 'admin', '2016-02-03 11:51:48', NULL, NULL, 0),
('0658d14c-ca36-11e5-99ec-4c3488333b45', 'e99d4add-c896-11e5-9e13-4c3488333b45', 200000, 600000, 0, 0, 0, NULL, 6000, 4000, 0, 0, 0, 120000, '2016-01-31 00:00:00', NULL, 0, 'admin', '2016-02-03 11:51:48', NULL, NULL, 0),
('065cf284-ca36-11e5-99ec-4c3488333b45', 'ea40e328-c897-11e5-9e13-4c3488333b45', 250000, 750000, 0, 0, 0, NULL, 7500, 5000, 34091, 0, 0, 143181.81818182, '2016-01-31 00:00:00', NULL, 0, 'admin', '2016-02-03 11:51:48', NULL, NULL, 0),
('06606cc2-ca36-11e5-99ec-4c3488333b45', 'ec3ddb79-c899-11e5-9e13-4c3488333b45', 500000, 1500000, 28500, 0, 0, NULL, 9000, 6000, 0, 0, 0, 300000, '2016-01-31 00:00:00', NULL, 0, 'admin', '2016-02-03 11:51:48', NULL, NULL, 0),
('06670f57-ca36-11e5-99ec-4c3488333b45', 'efba9bad-c898-11e5-9e13-4c3488333b45', 204000, 612000, 28500, 0, 0, NULL, 6120, 4080, 0, 0, 0, 122400, '2016-01-31 00:00:00', NULL, 0, 'admin', '2016-02-03 11:51:48', NULL, NULL, 0),
('0c9e660e-cbdf-11e5-ac79-4c3488333b45', '1b7ddc0a-c897-11e5-9e13-4c3488333b45', 200000, 2200000, 0, 0, 0, NULL, 6000, 4000, 0, 0, 0, 440000, '2015-11-30 00:00:00', NULL, 0, 'admin', '2016-02-05 14:34:15', NULL, NULL, 0),
('0ca83b5f-cbdf-11e5-ac79-4c3488333b45', '1bb75245-c899-11e5-9e13-4c3488333b45', 200000, 2200000, 0, 0, 0, NULL, 6000, 4000, 0, 0, 0, 440000, '2015-11-30 00:00:00', NULL, 0, 'admin', '2016-02-05 14:34:15', NULL, NULL, 0),
('0caba9cd-cbdf-11e5-ac79-4c3488333b45', '1fe9f520-c89a-11e5-9e13-4c3488333b45', 150000, 750000, 0, 0, 0, NULL, 4500, 3000, 0, 0, 0, 150000, '2015-11-30 00:00:00', NULL, 0, 'admin', '2016-02-05 14:34:15', NULL, NULL, 0),
('0cb227c7-cbdf-11e5-ac79-4c3488333b45', '2a1e1f13-c898-11e5-9e13-4c3488333b45', 600000, 7200000, 0, 0, 0, NULL, 9000, 6000, 0, 11200, 134400, 1440000, '2015-11-30 00:00:00', NULL, 0, 'admin', '2016-02-05 14:34:15', NULL, NULL, 0),
('0cb8689a-cbdf-11e5-ac79-4c3488333b45', '4a83516d-c898-11e5-9e13-4c3488333b45', 204000, 2244000, 0, 0, 0, NULL, 6120, 4080, 0, 0, 0, 448800, '2015-11-30 00:00:00', NULL, 0, 'admin', '2016-02-05 14:34:15', NULL, NULL, 0),
('0cbc2841-cbdf-11e5-ac79-4c3488333b45', '567b46b4-c899-11e5-9e13-4c3488333b45', 200000, 2200000, 800, 0, 0, NULL, 6000, 4000, 0, 0, 0, 440000, '2015-11-30 00:00:00', NULL, 0, 'admin', '2016-02-05 14:34:15', NULL, NULL, 0),
('0cc29290-cbdf-11e5-ac79-4c3488333b45', '587efa03-c89a-11e5-9e13-4c3488333b45', 200000, 1000000, 0, 0, 0, NULL, 6000, 4000, 0, 0, 0, 200000, '2015-11-30 00:00:00', NULL, 0, 'admin', '2016-02-05 14:34:15', NULL, NULL, 0),
('0cc90dce-cbdf-11e5-ac79-4c3488333b45', '76efdcbe-c897-11e5-9e13-4c3488333b45', 600000, 7200000, 0, 0, 0, NULL, 9000, 6000, 0, 11200, 134400, 1440000, '2015-11-30 00:00:00', NULL, 0, 'admin', '2016-02-05 14:34:15', NULL, NULL, 0),
('0cd0944c-cbdf-11e5-ac79-4c3488333b45', '7913e45c-c898-11e5-9e13-4c3488333b45', 200000, 2200000, 1000, 0, 0, NULL, 6000, 4000, 0, 0, 0, 440000, '2015-11-30 00:00:00', NULL, 0, 'admin', '2016-02-05 14:34:15', NULL, NULL, 0),
('0cd82ae0-cbdf-11e5-ac79-4c3488333b45', '90e73464-c899-11e5-9e13-4c3488333b45', 250000, 1250000, 0, 0, 0, NULL, 7500, 5000, 0, 0, 0, 250000, '2015-11-30 00:00:00', NULL, 0, 'admin', '2016-02-05 14:34:15', NULL, NULL, 0),
('0cdbd5f0-cbdf-11e5-ac79-4c3488333b45', '9bba90bc-c89a-11e5-9e13-4c3488333b45', 150000, 900000, 1500, 0, 0, NULL, 4500, 3000, 0, 0, 0, 180000, '2015-11-30 00:00:00', NULL, 0, 'admin', '2016-02-05 14:34:15', NULL, NULL, 0),
('0cdfc632-cbdf-11e5-ac79-4c3488333b45', 'b1ec0e82-c897-11e5-9e13-4c3488333b45', 204000, 2244000, 800, 0, 0, NULL, 6120, 4080, 0, 0, 0, 448800, '2015-11-30 00:00:00', NULL, 0, 'admin', '2016-02-05 14:34:15', NULL, NULL, 0),
('0ce37233-cbdf-11e5-ac79-4c3488333b45', 'be928920-c898-11e5-9e13-4c3488333b45', 300000, 3300000, 0, 0, 0, NULL, 9000, 6000, 0, 0, 0, 660000, '2015-11-30 00:00:00', NULL, 0, 'admin', '2016-02-05 14:34:15', NULL, NULL, 0),
('0ce7613b-cbdf-11e5-ac79-4c3488333b45', 'e99d4add-c896-11e5-9e13-4c3488333b45', 200000, 2200000, 0, 0, 0, NULL, 6000, 4000, 0, 0, 0, 440000, '2015-11-30 00:00:00', NULL, 0, 'admin', '2016-02-05 14:34:15', NULL, NULL, 0),
('0ceb0a50-cbdf-11e5-ac79-4c3488333b45', 'ea40e328-c897-11e5-9e13-4c3488333b45', 250000, 2750000, 0, 0, 0, NULL, 7500, 5000, 22727, 0, 0, 545454.54545455, '2015-11-30 00:00:00', NULL, 0, 'admin', '2016-02-05 14:34:15', NULL, NULL, 0),
('0cf18966-cbdf-11e5-ac79-4c3488333b45', 'ec3ddb79-c899-11e5-9e13-4c3488333b45', 500000, 2500000, 1500, 0, 0, NULL, 9000, 6000, 0, 0, 0, 500000, '2015-11-30 00:00:00', NULL, 0, 'admin', '2016-02-05 14:34:15', NULL, NULL, 0),
('0cfa67d1-cbdf-11e5-ac79-4c3488333b45', 'efba9bad-c898-11e5-9e13-4c3488333b45', 204000, 2244000, 1500, 0, 0, NULL, 6120, 4080, 0, 0, 0, 448800, '2015-11-30 00:00:00', NULL, 0, 'admin', '2016-02-05 14:34:16', NULL, NULL, 0),
('154751b1-cbdc-11e5-ac79-4c3488333b45', '1b7ddc0a-c897-11e5-9e13-4c3488333b45', 200000, 2200000, 0, 0, 0, NULL, 6000, 4000, 0, 0, 0, 440000, '2015-08-31 00:00:00', NULL, 0, 'admin', '2016-02-05 14:13:01', NULL, NULL, 0),
('15578eb9-cbdc-11e5-ac79-4c3488333b45', '1bb75245-c899-11e5-9e13-4c3488333b45', 200000, 2200000, 0, 0, 0, NULL, 6000, 4000, 0, 0, 0, 440000, '2015-08-31 00:00:00', NULL, 0, 'admin', '2016-02-05 14:13:01', NULL, NULL, 0),
('155c64e0-cbdc-11e5-ac79-4c3488333b45', '2a1e1f13-c898-11e5-9e13-4c3488333b45', 600000, 7200000, 0, 0, 0, NULL, 9000, 6000, 0, 11200, 134400, 1440000, '2015-08-31 00:00:00', NULL, 0, 'admin', '2016-02-05 14:13:01', NULL, NULL, 0),
('15606e88-cbdc-11e5-ac79-4c3488333b45', '4a83516d-c898-11e5-9e13-4c3488333b45', 204000, 2244000, 0, 0, 0, NULL, 6120, 4080, 0, 0, 0, 448800, '2015-08-31 00:00:00', NULL, 0, 'admin', '2016-02-05 14:13:01', NULL, NULL, 0),
('15640281-cbdc-11e5-ac79-4c3488333b45', '567b46b4-c899-11e5-9e13-4c3488333b45', 200000, 2200000, 800, 0, 0, NULL, 6000, 4000, 0, 0, 0, 440000, '2015-08-31 00:00:00', NULL, 0, 'admin', '2016-02-05 14:13:01', NULL, NULL, 0),
('1568139d-cbdc-11e5-ac79-4c3488333b45', '76efdcbe-c897-11e5-9e13-4c3488333b45', 600000, 7200000, 0, 0, 0, NULL, 9000, 6000, 0, 11200, 134400, 1440000, '2015-08-31 00:00:00', NULL, 0, 'admin', '2016-02-05 14:13:01', NULL, NULL, 0),
('156e5a0d-cbdc-11e5-ac79-4c3488333b45', '7913e45c-c898-11e5-9e13-4c3488333b45', 200000, 2200000, 1000, 0, 0, NULL, 6000, 4000, 0, 0, 0, 440000, '2015-08-31 00:00:00', NULL, 0, 'admin', '2016-02-05 14:13:01', NULL, NULL, 0),
('157c1588-cbdc-11e5-ac79-4c3488333b45', 'b1ec0e82-c897-11e5-9e13-4c3488333b45', 204000, 2244000, 800, 0, 0, NULL, 6120, 4080, 0, 0, 0, 448800, '2015-08-31 00:00:00', NULL, 0, 'admin', '2016-02-05 14:13:01', NULL, NULL, 0),
('15801305-cbdc-11e5-ac79-4c3488333b45', 'be928920-c898-11e5-9e13-4c3488333b45', 300000, 3300000, 0, 0, 0, NULL, 9000, 6000, 0, 0, 0, 660000, '2015-08-31 00:00:00', NULL, 0, 'admin', '2016-02-05 14:13:01', NULL, NULL, 0),
('1584f8db-cbdc-11e5-ac79-4c3488333b45', 'e99d4add-c896-11e5-9e13-4c3488333b45', 200000, 2200000, 0, 0, 0, NULL, 6000, 4000, 0, 0, 0, 440000, '2015-08-31 00:00:00', NULL, 0, 'admin', '2016-02-05 14:13:01', NULL, NULL, 0),
('1588f109-cbdc-11e5-ac79-4c3488333b45', 'ea40e328-c897-11e5-9e13-4c3488333b45', 250000, 2750000, 0, 0, 0, NULL, 7500, 5000, 11364, 0, 0, 547727.27272727, '2015-08-31 00:00:00', NULL, 0, 'admin', '2016-02-05 14:13:01', NULL, NULL, 0),
('158c955a-cbdc-11e5-ac79-4c3488333b45', 'efba9bad-c898-11e5-9e13-4c3488333b45', 204000, 2244000, 1500, 0, 0, NULL, 6120, 4080, 0, 0, 0, 448800, '2015-08-31 00:00:00', NULL, 0, 'admin', '2016-02-05 14:13:01', NULL, NULL, 0),
('28b4d738-cbdd-11e5-ac79-4c3488333b45', '1b7ddc0a-c897-11e5-9e13-4c3488333b45', 200000, 2200000, 0, 0, 0, NULL, 6000, 4000, 0, 0, 0, 440000, '2015-10-31 00:00:00', NULL, 0, 'admin', '2016-02-05 14:20:43', NULL, NULL, 0),
('28e78c0e-cbdd-11e5-ac79-4c3488333b45', '1bb75245-c899-11e5-9e13-4c3488333b45', 200000, 2200000, 0, 0, 0, NULL, 6000, 4000, 0, 0, 0, 440000, '2015-10-31 00:00:00', NULL, 0, 'admin', '2016-02-05 14:20:43', NULL, NULL, 0),
('291027d7-cbdd-11e5-ac79-4c3488333b45', '2a1e1f13-c898-11e5-9e13-4c3488333b45', 600000, 7200000, 0, 0, 0, NULL, 9000, 6000, 0, 11200, 134400, 1440000, '2015-10-31 00:00:00', NULL, 0, 'admin', '2016-02-05 14:20:44', NULL, NULL, 0),
('292f59f8-cbdd-11e5-ac79-4c3488333b45', '4a83516d-c898-11e5-9e13-4c3488333b45', 204000, 2244000, 0, 0, 0, NULL, 6120, 4080, 0, 0, 0, 448800, '2015-10-31 00:00:00', NULL, 0, 'admin', '2016-02-05 14:20:44', NULL, NULL, 0),
('29520e62-cbdd-11e5-ac79-4c3488333b45', '567b46b4-c899-11e5-9e13-4c3488333b45', 200000, 2200000, 800, 0, 0, NULL, 6000, 4000, 0, 0, 0, 440000, '2015-10-31 00:00:00', NULL, 0, 'admin', '2016-02-05 14:20:44', NULL, NULL, 0),
('2993f1bf-cbdd-11e5-ac79-4c3488333b45', '76efdcbe-c897-11e5-9e13-4c3488333b45', 600000, 7200000, 0, 0, 0, NULL, 9000, 6000, 0, 11200, 134400, 1440000, '2015-10-31 00:00:00', NULL, 0, 'admin', '2016-02-05 14:20:45', NULL, NULL, 0),
('29b36912-cbdd-11e5-ac79-4c3488333b45', '7913e45c-c898-11e5-9e13-4c3488333b45', 200000, 2200000, 1000, 0, 0, NULL, 6000, 4000, 0, 0, 0, 440000, '2015-10-31 00:00:00', NULL, 0, 'admin', '2016-02-05 14:20:45', NULL, NULL, 0),
('29e26a60-cbdd-11e5-ac79-4c3488333b45', '9bba90bc-c89a-11e5-9e13-4c3488333b45', 150000, 900000, 1500, 0, 0, NULL, 4500, 3000, 0, 0, 0, 180000, '2015-10-31 00:00:00', NULL, 0, 'admin', '2016-02-05 14:20:45', NULL, NULL, 0),
('2a3ee90f-cbdd-11e5-ac79-4c3488333b45', 'b1ec0e82-c897-11e5-9e13-4c3488333b45', 204000, 2244000, 800, 0, 0, NULL, 6120, 4080, 0, 0, 0, 448800, '2015-10-31 00:00:00', NULL, 0, 'admin', '2016-02-05 14:20:46', NULL, NULL, 0),
('2a5fe426-cbdd-11e5-ac79-4c3488333b45', 'be928920-c898-11e5-9e13-4c3488333b45', 300000, 3300000, 0, 0, 0, NULL, 9000, 6000, 0, 0, 0, 660000, '2015-10-31 00:00:00', NULL, 0, 'admin', '2016-02-05 14:20:46', NULL, NULL, 0),
('2a85673c-cbdd-11e5-ac79-4c3488333b45', 'e99d4add-c896-11e5-9e13-4c3488333b45', 200000, 2200000, 0, 0, 0, NULL, 6000, 4000, 0, 0, 0, 440000, '2015-10-31 00:00:00', NULL, 0, 'admin', '2016-02-05 14:20:46', NULL, NULL, 0),
('2aa2d6b3-cbdd-11e5-ac79-4c3488333b45', 'ea40e328-c897-11e5-9e13-4c3488333b45', 250000, 2750000, 0, 0, 0, NULL, 7500, 5000, 56818, 0, 0, 538636.36363636, '2015-10-31 00:00:00', NULL, 0, 'admin', '2016-02-05 14:20:46', NULL, NULL, 0),
('2aad3c0b-cbdd-11e5-ac79-4c3488333b45', 'efba9bad-c898-11e5-9e13-4c3488333b45', 204000, 2244000, 1500, 0, 0, NULL, 6120, 4080, 0, 0, 0, 448800, '2015-10-31 00:00:00', NULL, 0, 'admin', '2016-02-05 14:20:46', NULL, NULL, 0),
('2e8d5699-cbd7-11e5-ac79-4c3488333b45', '2a1e1f13-c898-11e5-9e13-4c3488333b45', 600000, 7200000, 0, 0, 0, NULL, 9000, 6000, 0, 11200, 134400, 1440000, '2015-04-30 00:00:00', NULL, 0, 'admin', '2016-02-05 13:37:56', NULL, NULL, 0),
('2e972647-cbd7-11e5-ac79-4c3488333b45', '4a83516d-c898-11e5-9e13-4c3488333b45', 204000, 2448000, 0, 0, 0, NULL, 6120, 4080, 0, 0, 0, 489600, '2015-04-30 00:00:00', NULL, 0, 'admin', '2016-02-05 13:37:56', NULL, NULL, 0),
('2e9eae12-cbd7-11e5-ac79-4c3488333b45', '76efdcbe-c897-11e5-9e13-4c3488333b45', 600000, 7200000, 0, 0, 0, NULL, 9000, 6000, 0, 11200, 134400, 1440000, '2015-04-30 00:00:00', NULL, 0, 'admin', '2016-02-05 13:37:56', NULL, NULL, 0),
('2ea51678-cbd7-11e5-ac79-4c3488333b45', 'b1ec0e82-c897-11e5-9e13-4c3488333b45', 204000, 2448000, 800, 0, 0, NULL, 6120, 4080, 0, 0, 0, 489600, '2015-04-30 00:00:00', NULL, 0, 'admin', '2016-02-05 13:37:56', NULL, NULL, 0),
('2eb29cdc-cbd7-11e5-ac79-4c3488333b45', 'be928920-c898-11e5-9e13-4c3488333b45', 300000, 3600000, 0, 0, 0, NULL, 9000, 6000, 0, 0, 0, 720000, '2015-04-30 00:00:00', NULL, 0, 'admin', '2016-02-05 13:37:56', NULL, NULL, 0),
('2ebdf774-cbd7-11e5-ac79-4c3488333b45', 'ea40e328-c897-11e5-9e13-4c3488333b45', 250000, 3000000, 0, 0, 0, NULL, 7500, 5000, 0, 0, 0, 600000, '2015-04-30 00:00:00', NULL, 0, 'admin', '2016-02-05 13:37:56', NULL, NULL, 0),
('2ec23425-cbd7-11e5-ac79-4c3488333b45', 'efba9bad-c898-11e5-9e13-4c3488333b45', 204000, 2448000, 1500, 0, 0, NULL, 6120, 4080, 0, 0, 0, 489600, '2015-04-30 00:00:00', NULL, 0, 'admin', '2016-02-05 13:37:56', NULL, NULL, 0),
('2eede9b9-cbdb-11e5-ac79-4c3488333b45', '1b7ddc0a-c897-11e5-9e13-4c3488333b45', 200000, 2200000, 0, 0, 0, NULL, 6000, 4000, 0, 0, 0, 440000, '2015-07-31 00:00:00', NULL, 0, 'admin', '2016-02-05 14:06:35', NULL, NULL, 0),
('2ef5e842-cbdb-11e5-ac79-4c3488333b45', '1bb75245-c899-11e5-9e13-4c3488333b45', 200000, 2200000, 0, 0, 0, NULL, 6000, 4000, 0, 0, 0, 440000, '2015-07-31 00:00:00', NULL, 0, 'admin', '2016-02-05 14:06:35', NULL, NULL, 0),
('2efd6ed9-cbdb-11e5-ac79-4c3488333b45', '2a1e1f13-c898-11e5-9e13-4c3488333b45', 600000, 7200000, 0, 0, 0, NULL, 9000, 6000, 0, 11200, 134400, 1440000, '2015-07-31 00:00:00', NULL, 0, 'admin', '2016-02-05 14:06:35', NULL, NULL, 0),
('2f00c54b-cbdb-11e5-ac79-4c3488333b45', '4a83516d-c898-11e5-9e13-4c3488333b45', 204000, 2244000, 0, 0, 0, NULL, 6120, 4080, 0, 0, 0, 448800, '2015-07-31 00:00:00', NULL, 0, 'admin', '2016-02-05 14:06:35', NULL, NULL, 0),
('2f0509be-cbdb-11e5-ac79-4c3488333b45', '567b46b4-c899-11e5-9e13-4c3488333b45', 200000, 2200000, 800, 0, 0, NULL, 6000, 4000, 0, 0, 0, 440000, '2015-07-31 00:00:00', NULL, 0, 'admin', '2016-02-05 14:06:35', NULL, NULL, 0),
('2f086358-cbdb-11e5-ac79-4c3488333b45', '76efdcbe-c897-11e5-9e13-4c3488333b45', 600000, 7200000, 0, 0, 0, NULL, 9000, 6000, 0, 11200, 134400, 1440000, '2015-07-31 00:00:00', NULL, 0, 'admin', '2016-02-05 14:06:35', NULL, NULL, 0),
('2f1431a4-cbdb-11e5-ac79-4c3488333b45', '7913e45c-c898-11e5-9e13-4c3488333b45', 200000, 2200000, 1000, 0, 0, NULL, 6000, 4000, 0, 0, 0, 440000, '2015-07-31 00:00:00', NULL, 0, 'admin', '2016-02-05 14:06:35', NULL, NULL, 0),
('2f1f61aa-cbdb-11e5-ac79-4c3488333b45', 'b1ec0e82-c897-11e5-9e13-4c3488333b45', 204000, 2244000, 800, 0, 0, NULL, 6120, 4080, 0, 0, 0, 448800, '2015-07-31 00:00:00', NULL, 0, 'admin', '2016-02-05 14:06:35', NULL, NULL, 0),
('2f237430-cbdb-11e5-ac79-4c3488333b45', 'be928920-c898-11e5-9e13-4c3488333b45', 300000, 3300000, 0, 0, 0, NULL, 9000, 6000, 0, 0, 0, 660000, '2015-07-31 00:00:00', NULL, 0, 'admin', '2016-02-05 14:06:35', NULL, NULL, 0),
('2f270634-cbdb-11e5-ac79-4c3488333b45', 'e99d4add-c896-11e5-9e13-4c3488333b45', 200000, 2200000, 0, 0, 0, NULL, 6000, 4000, 0, 0, 0, 440000, '2015-07-31 00:00:00', NULL, 0, 'admin', '2016-02-05 14:06:35', NULL, NULL, 0),
('2f2b0bbb-cbdb-11e5-ac79-4c3488333b45', 'ea40e328-c897-11e5-9e13-4c3488333b45', 250000, 2750000, 0, 0, 0, NULL, 7500, 5000, 0, 0, 0, 550000, '2015-07-31 00:00:00', NULL, 0, 'admin', '2016-02-05 14:06:35', NULL, NULL, 0),
('2f2e97da-cbdb-11e5-ac79-4c3488333b45', 'efba9bad-c898-11e5-9e13-4c3488333b45', 204000, 2244000, 1500, 0, 0, NULL, 6120, 4080, 0, 0, 0, 448800, '2015-07-31 00:00:00', NULL, 0, 'admin', '2016-02-05 14:06:35', NULL, NULL, 0),
('6e3489f8-cbdf-11e5-ac79-4c3488333b45', '1b7ddc0a-c897-11e5-9e13-4c3488333b45', 200000, 2200000, 0, 0, 0, NULL, 6000, 4000, 0, 0, 0, 440000, '2015-12-31 00:00:00', NULL, 0, 'admin', '2016-02-05 14:36:59', NULL, NULL, 0),
('6e3e8a84-cbdf-11e5-ac79-4c3488333b45', '1bb75245-c899-11e5-9e13-4c3488333b45', 200000, 2200000, 0, 0, 0, NULL, 6000, 4000, 0, 0, 0, 440000, '2015-12-31 00:00:00', NULL, 0, 'admin', '2016-02-05 14:36:59', NULL, NULL, 0),
('6e423649-cbdf-11e5-ac79-4c3488333b45', '1fe9f520-c89a-11e5-9e13-4c3488333b45', 150000, 750000, 0, 0, 0, NULL, 4500, 3000, 0, 0, 0, 150000, '2015-12-31 00:00:00', NULL, 0, 'admin', '2016-02-05 14:36:59', NULL, NULL, 0),
('6e48b10e-cbdf-11e5-ac79-4c3488333b45', '2a1e1f13-c898-11e5-9e13-4c3488333b45', 600000, 7200000, 0, 0, 0, NULL, 9000, 6000, 0, 11200, 134400, 1440000, '2015-12-31 00:00:00', NULL, 0, 'admin', '2016-02-05 14:36:59', NULL, NULL, 0),
('6e4c61a8-cbdf-11e5-ac79-4c3488333b45', '4a83516d-c898-11e5-9e13-4c3488333b45', 204000, 2244000, 0, 0, 0, NULL, 6120, 4080, 0, 0, 0, 448800, '2015-12-31 00:00:00', NULL, 0, 'admin', '2016-02-05 14:36:59', NULL, NULL, 0),
('6e52cd01-cbdf-11e5-ac79-4c3488333b45', '567b46b4-c899-11e5-9e13-4c3488333b45', 200000, 2200000, 800, 0, 0, NULL, 6000, 4000, 0, 0, 0, 440000, '2015-12-31 00:00:00', NULL, 0, 'admin', '2016-02-05 14:36:59', NULL, NULL, 0),
('6e56887b-cbdf-11e5-ac79-4c3488333b45', '587efa03-c89a-11e5-9e13-4c3488333b45', 200000, 1000000, 0, 0, 0, NULL, 6000, 4000, 0, 0, 0, 200000, '2015-12-31 00:00:00', NULL, 0, 'admin', '2016-02-05 14:36:59', NULL, NULL, 0),
('6e5a6560-cbdf-11e5-ac79-4c3488333b45', '64a541d0-c96c-11e5-9396-4c3488333b45', 150000, 600000, 1000, 0, 0, NULL, 4500, 3000, 0, 0, 0, 120000, '2015-12-31 00:00:00', NULL, 0, 'admin', '2016-02-05 14:36:59', NULL, NULL, 0),
('6e5e180e-cbdf-11e5-ac79-4c3488333b45', '76efdcbe-c897-11e5-9e13-4c3488333b45', 600000, 7200000, 0, 0, 0, NULL, 9000, 6000, 0, 11200, 134400, 1440000, '2015-12-31 00:00:00', NULL, 0, 'admin', '2016-02-05 14:36:59', NULL, NULL, 0),
('6e649273-cbdf-11e5-ac79-4c3488333b45', '7913e45c-c898-11e5-9e13-4c3488333b45', 200000, 2200000, 1000, 0, 0, NULL, 6000, 4000, 0, 0, 0, 440000, '2015-12-31 00:00:00', NULL, 0, 'admin', '2016-02-05 14:36:59', NULL, NULL, 0),
('6e683a3b-cbdf-11e5-ac79-4c3488333b45', '90e73464-c899-11e5-9e13-4c3488333b45', 250000, 1250000, 0, 0, 0, NULL, 7500, 5000, 0, 0, 0, 250000, '2015-12-31 00:00:00', NULL, 0, 'admin', '2016-02-05 14:36:59', NULL, NULL, 0),
('6e6c2547-cbdf-11e5-ac79-4c3488333b45', '9bba90bc-c89a-11e5-9e13-4c3488333b45', 150000, 900000, 1500, 0, 0, NULL, 4500, 3000, 0, 0, 0, 180000, '2015-12-31 00:00:00', NULL, 0, 'admin', '2016-02-05 14:36:59', NULL, NULL, 0),
('6e6fd849-cbdf-11e5-ac79-4c3488333b45', 'b1ec0e82-c897-11e5-9e13-4c3488333b45', 204000, 2244000, 800, 0, 0, NULL, 6120, 4080, 0, 0, 0, 448800, '2015-12-31 00:00:00', NULL, 0, 'admin', '2016-02-05 14:36:59', NULL, NULL, 0),
('6e73c9b3-cbdf-11e5-ac79-4c3488333b45', 'be928920-c898-11e5-9e13-4c3488333b45', 300000, 3300000, 0, 0, 0, NULL, 9000, 6000, 0, 0, 0, 660000, '2015-12-31 00:00:00', NULL, 0, 'admin', '2016-02-05 14:36:59', NULL, NULL, 0),
('6e81a656-cbdf-11e5-ac79-4c3488333b45', 'e99d4add-c896-11e5-9e13-4c3488333b45', 200000, 2200000, 0, 0, 0, NULL, 6000, 4000, 0, 0, 0, 440000, '2015-12-31 00:00:00', NULL, 0, 'admin', '2016-02-05 14:36:59', NULL, NULL, 0),
('6e856474-cbdf-11e5-ac79-4c3488333b45', 'ea40e328-c897-11e5-9e13-4c3488333b45', 250000, 2750000, 0, 0, 0, NULL, 7500, 5000, 11364, 0, 0, 547727.27272727, '2015-12-31 00:00:00', NULL, 0, 'admin', '2016-02-05 14:36:59', NULL, NULL, 0),
('6e893dd6-cbdf-11e5-ac79-4c3488333b45', 'ec3ddb79-c899-11e5-9e13-4c3488333b45', 500000, 2500000, 1500, 0, 0, NULL, 9000, 6000, 0, 0, 0, 500000, '2015-12-31 00:00:00', NULL, 0, 'admin', '2016-02-05 14:36:59', NULL, NULL, 0),
('6e8cff35-cbdf-11e5-ac79-4c3488333b45', 'efba9bad-c898-11e5-9e13-4c3488333b45', 204000, 2244000, 1500, 0, 0, NULL, 6120, 4080, 0, 0, 0, 448800, '2015-12-31 00:00:00', NULL, 0, 'admin', '2016-02-05 14:36:59', NULL, NULL, 0),
('72a60b04-cbd8-11e5-ac79-4c3488333b45', '1b7ddc0a-c897-11e5-9e13-4c3488333b45', 200000, 2200000, 0, 0, 0, NULL, 6000, 4000, 0, 0, 0, 440000, '2015-05-31 00:00:00', NULL, 0, 'admin', '2016-02-05 13:47:00', NULL, NULL, 0),
('72e03e3c-cbd8-11e5-ac79-4c3488333b45', '1bb75245-c899-11e5-9e13-4c3488333b45', 200000, 2200000, 0, 0, 0, NULL, 6000, 4000, 0, 0, 0, 440000, '2015-05-31 00:00:00', NULL, 0, 'admin', '2016-02-05 13:47:00', NULL, NULL, 0),
('72edb6ff-cbd8-11e5-ac79-4c3488333b45', '2a1e1f13-c898-11e5-9e13-4c3488333b45', 600000, 7200000, 0, 0, 0, NULL, 9000, 6000, 0, 11200, 134400, 1440000, '2015-05-31 00:00:00', NULL, 0, 'admin', '2016-02-05 13:47:00', NULL, NULL, 0),
('72fb38e8-cbd8-11e5-ac79-4c3488333b45', '4a83516d-c898-11e5-9e13-4c3488333b45', 204000, 2244000, 0, 0, 0, NULL, 6120, 4080, 0, 0, 0, 448800, '2015-05-31 00:00:00', NULL, 0, 'admin', '2016-02-05 13:47:00', NULL, NULL, 0),
('73070e04-cbd8-11e5-ac79-4c3488333b45', '567b46b4-c899-11e5-9e13-4c3488333b45', 200000, 2200000, 800, 0, 0, NULL, 6000, 4000, 0, 0, 0, 440000, '2015-05-31 00:00:00', NULL, 0, 'admin', '2016-02-05 13:47:00', NULL, NULL, 0),
('730bbf00-cbd8-11e5-ac79-4c3488333b45', '76efdcbe-c897-11e5-9e13-4c3488333b45', 600000, 7200000, 0, 0, 0, NULL, 9000, 6000, 0, 11200, 134400, 1440000, '2015-05-31 00:00:00', NULL, 0, 'admin', '2016-02-05 13:47:00', NULL, NULL, 0),
('730fe257-cbd8-11e5-ac79-4c3488333b45', '7913e45c-c898-11e5-9e13-4c3488333b45', 200000, 2200000, 1000, 0, 0, NULL, 6000, 4000, 0, 0, 0, 440000, '2015-05-31 00:00:00', NULL, 0, 'admin', '2016-02-05 13:47:00', NULL, NULL, 0),
('73148cf5-cbd8-11e5-ac79-4c3488333b45', 'b1ec0e82-c897-11e5-9e13-4c3488333b45', 204000, 2244000, 800, 0, 0, NULL, 6120, 4080, 0, 0, 0, 448800, '2015-05-31 00:00:00', NULL, 0, 'admin', '2016-02-05 13:47:00', NULL, NULL, 0),
('7318c1d1-cbd8-11e5-ac79-4c3488333b45', 'be928920-c898-11e5-9e13-4c3488333b45', 300000, 3300000, 0, 0, 0, NULL, 9000, 6000, 0, 0, 0, 660000, '2015-05-31 00:00:00', NULL, 0, 'admin', '2016-02-05 13:47:00', NULL, NULL, 0),
('731eb4b9-cbd8-11e5-ac79-4c3488333b45', 'e99d4add-c896-11e5-9e13-4c3488333b45', 200000, 2200000, 0, 0, 0, NULL, 6000, 4000, 0, 0, 0, 440000, '2015-05-31 00:00:00', NULL, 0, 'admin', '2016-02-05 13:47:00', NULL, NULL, 0),
('7322ecb8-cbd8-11e5-ac79-4c3488333b45', 'ea40e328-c897-11e5-9e13-4c3488333b45', 250000, 2750000, 0, 0, 0, NULL, 7500, 5000, 0, 0, 0, 550000, '2015-05-31 00:00:00', NULL, 0, 'admin', '2016-02-05 13:47:00', NULL, NULL, 0),
('73294b61-cbd8-11e5-ac79-4c3488333b45', 'efba9bad-c898-11e5-9e13-4c3488333b45', 204000, 2244000, 1500, 0, 0, NULL, 6120, 4080, 0, 0, 0, 448800, '2015-05-31 00:00:00', NULL, 0, 'admin', '2016-02-05 13:47:01', NULL, NULL, 0),
('9b4cc78e-cbdc-11e5-ac79-4c3488333b45', '1b7ddc0a-c897-11e5-9e13-4c3488333b45', 200000, 2200000, 0, 0, 0, NULL, 6000, 4000, 0, 0, 0, 440000, '2015-09-30 00:00:00', NULL, 0, 'admin', '2016-02-05 14:16:46', NULL, NULL, 0),
('9b58c01d-cbdc-11e5-ac79-4c3488333b45', '1bb75245-c899-11e5-9e13-4c3488333b45', 200000, 2200000, 0, 0, 0, NULL, 6000, 4000, 0, 0, 0, 440000, '2015-09-30 00:00:00', NULL, 0, 'admin', '2016-02-05 14:16:46', NULL, NULL, 0),
('9b5f5887-cbdc-11e5-ac79-4c3488333b45', '2a1e1f13-c898-11e5-9e13-4c3488333b45', 600000, 7200000, 0, 0, 0, NULL, 9000, 6000, 0, 11200, 134400, 1440000, '2015-09-30 00:00:00', NULL, 0, 'admin', '2016-02-05 14:16:46', NULL, NULL, 0),
('9b670949-cbdc-11e5-ac79-4c3488333b45', '4a83516d-c898-11e5-9e13-4c3488333b45', 204000, 2244000, 0, 0, 0, NULL, 6120, 4080, 0, 0, 0, 448800, '2015-09-30 00:00:00', NULL, 0, 'admin', '2016-02-05 14:16:46', NULL, NULL, 0),
('9b6ea269-cbdc-11e5-ac79-4c3488333b45', '567b46b4-c899-11e5-9e13-4c3488333b45', 200000, 2200000, 800, 0, 0, NULL, 6000, 4000, 0, 0, 0, 440000, '2015-09-30 00:00:00', NULL, 0, 'admin', '2016-02-05 14:16:46', NULL, NULL, 0),
('9b723558-cbdc-11e5-ac79-4c3488333b45', '76efdcbe-c897-11e5-9e13-4c3488333b45', 600000, 7200000, 0, 0, 0, NULL, 9000, 6000, 0, 11200, 134400, 1440000, '2015-09-30 00:00:00', NULL, 0, 'admin', '2016-02-05 14:16:46', NULL, NULL, 0),
('9b78c3f3-cbdc-11e5-ac79-4c3488333b45', '7913e45c-c898-11e5-9e13-4c3488333b45', 200000, 2200000, 1000, 0, 0, NULL, 6000, 4000, 0, 0, 0, 440000, '2015-09-30 00:00:00', NULL, 0, 'admin', '2016-02-05 14:16:46', NULL, NULL, 0),
('9b7c5566-cbdc-11e5-ac79-4c3488333b45', '9bba90bc-c89a-11e5-9e13-4c3488333b45', 150000, 1050000, 1500, 0, 0, NULL, 4500, 3000, 0, 0, 0, 210000, '2015-09-30 00:00:00', NULL, 0, 'admin', '2016-02-05 14:16:46', NULL, NULL, 0),
('9b8062ec-cbdc-11e5-ac79-4c3488333b45', 'b1ec0e82-c897-11e5-9e13-4c3488333b45', 204000, 2244000, 800, 0, 0, NULL, 6120, 4080, 0, 0, 0, 448800, '2015-09-30 00:00:00', NULL, 0, 'admin', '2016-02-05 14:16:46', NULL, NULL, 0),
('9b892f3a-cbdc-11e5-ac79-4c3488333b45', 'be928920-c898-11e5-9e13-4c3488333b45', 300000, 3300000, 0, 0, 0, NULL, 9000, 6000, 0, 0, 0, 660000, '2015-09-30 00:00:00', NULL, 0, 'admin', '2016-02-05 14:16:46', NULL, NULL, 0),
('9b90dde9-cbdc-11e5-ac79-4c3488333b45', 'e99d4add-c896-11e5-9e13-4c3488333b45', 200000, 2200000, 0, 0, 0, NULL, 6000, 4000, 0, 0, 0, 440000, '2015-09-30 00:00:00', NULL, 0, 'admin', '2016-02-05 14:16:46', NULL, NULL, 0),
('9b947c06-cbdc-11e5-ac79-4c3488333b45', 'ea40e328-c897-11e5-9e13-4c3488333b45', 250000, 2750000, 0, 0, 0, NULL, 7500, 5000, 34091, 0, 0, 543181.81818182, '2015-09-30 00:00:00', NULL, 0, 'admin', '2016-02-05 14:16:46', NULL, NULL, 0),
('9b9c4335-cbdc-11e5-ac79-4c3488333b45', 'efba9bad-c898-11e5-9e13-4c3488333b45', 204000, 2244000, 1500, 0, 0, NULL, 6120, 4080, 0, 0, 0, 448800, '2015-09-30 00:00:00', NULL, 0, 'admin', '2016-02-05 14:16:46', NULL, NULL, 0),
('fa72472e-cbd8-11e5-ac79-4c3488333b45', '1b7ddc0a-c897-11e5-9e13-4c3488333b45', 200000, 2200000, 0, 0, 0, NULL, 6000, 4000, 0, 0, 0, 440000, '2015-06-30 00:00:00', NULL, 0, 'admin', '2016-02-05 13:50:47', NULL, NULL, 0),
('fa7ae35a-cbd8-11e5-ac79-4c3488333b45', '1bb75245-c899-11e5-9e13-4c3488333b45', 200000, 2200000, 0, 0, 0, NULL, 6000, 4000, 0, 0, 0, 440000, '2015-06-30 00:00:00', NULL, 0, 'admin', '2016-02-05 13:50:48', NULL, NULL, 0),
('fa80d7b7-cbd8-11e5-ac79-4c3488333b45', '2a1e1f13-c898-11e5-9e13-4c3488333b45', 600000, 7200000, 0, 0, 0, NULL, 9000, 6000, 0, 11200, 134400, 1440000, '2015-06-30 00:00:00', NULL, 0, 'admin', '2016-02-05 13:50:48', NULL, NULL, 0),
('fa8508e0-cbd8-11e5-ac79-4c3488333b45', '4a83516d-c898-11e5-9e13-4c3488333b45', 204000, 2244000, 0, 0, 0, NULL, 6120, 4080, 0, 0, 0, 448800, '2015-06-30 00:00:00', NULL, 0, 'admin', '2016-02-05 13:50:48', NULL, NULL, 0),
('fa8a269b-cbd8-11e5-ac79-4c3488333b45', '567b46b4-c899-11e5-9e13-4c3488333b45', 200000, 2200000, 800, 0, 0, NULL, 6000, 4000, 0, 0, 0, 440000, '2015-06-30 00:00:00', NULL, 0, 'admin', '2016-02-05 13:50:48', NULL, NULL, 0),
('fa91b4f4-cbd8-11e5-ac79-4c3488333b45', '76efdcbe-c897-11e5-9e13-4c3488333b45', 600000, 7200000, 0, 0, 0, NULL, 9000, 6000, 0, 11200, 134400, 1440000, '2015-06-30 00:00:00', NULL, 0, 'admin', '2016-02-05 13:50:48', NULL, NULL, 0),
('fa9d1e19-cbd8-11e5-ac79-4c3488333b45', '7913e45c-c898-11e5-9e13-4c3488333b45', 200000, 2200000, 1000, 0, 0, NULL, 6000, 4000, 0, 0, 0, 440000, '2015-06-30 00:00:00', NULL, 0, 'admin', '2016-02-05 13:50:48', NULL, NULL, 0),
('faa60177-cbd8-11e5-ac79-4c3488333b45', 'b1ec0e82-c897-11e5-9e13-4c3488333b45', 204000, 2244000, 800, 0, 0, NULL, 6120, 4080, 0, 0, 0, 448800, '2015-06-30 00:00:00', NULL, 0, 'admin', '2016-02-05 13:50:48', NULL, NULL, 0),
('faaaa4ea-cbd8-11e5-ac79-4c3488333b45', 'be928920-c898-11e5-9e13-4c3488333b45', 300000, 3300000, 0, 0, 0, NULL, 9000, 6000, 0, 0, 0, 660000, '2015-06-30 00:00:00', NULL, 0, 'admin', '2016-02-05 13:50:48', NULL, NULL, 0),
('fab164f3-cbd8-11e5-ac79-4c3488333b45', 'e99d4add-c896-11e5-9e13-4c3488333b45', 200000, 2200000, 0, 0, 0, NULL, 6000, 4000, 0, 0, 0, 440000, '2015-06-30 00:00:00', NULL, 0, 'admin', '2016-02-05 13:50:48', NULL, NULL, 0),
('fab76d62-cbd8-11e5-ac79-4c3488333b45', 'ea40e328-c897-11e5-9e13-4c3488333b45', 250000, 2750000, 0, 0, 0, NULL, 7500, 5000, 0, 0, 0, 550000, '2015-06-30 00:00:00', NULL, 0, 'admin', '2016-02-05 13:50:48', NULL, NULL, 0),
('fabb9c54-cbd8-11e5-ac79-4c3488333b45', 'efba9bad-c898-11e5-9e13-4c3488333b45', 204000, 2244000, 1500, 0, 0, NULL, 6120, 4080, 0, 0, 0, 448800, '2015-06-30 00:00:00', NULL, 0, 'admin', '2016-02-05 13:50:48', NULL, NULL, 0);

-- --------------------------------------------------------

--
-- Table structure for table `salary_master`
--

CREATE TABLE IF NOT EXISTS `salary_master` (
  `id` varchar(36) CHARACTER SET latin1 COLLATE latin1_general_ci NOT NULL,
  `member_id` varchar(36) CHARACTER SET latin1 COLLATE latin1_general_ci NOT NULL,
  `basic_salary` double NOT NULL,
  `travel_fee_perday` double NOT NULL,
  `travel_fee_permonth` double NOT NULL,
  `over_time` varchar(36) COLLATE utf8_unicode_ci NOT NULL,
  `ssc_emp` int(11) NOT NULL,
  `ssc_comp` int(11) NOT NULL,
  `status` tinyint(2) NOT NULL DEFAULT '0',
  `salary_start_date` date DEFAULT NULL,
  `salary_end_date` date NOT NULL,
  `creator_id` varchar(36) CHARACTER SET latin1 COLLATE latin1_general_ci NOT NULL,
  `created_dt` datetime DEFAULT NULL,
  `updater_id` varchar(36) CHARACTER SET latin1 COLLATE latin1_general_ci NOT NULL,
  `updated_dt` datetime NOT NULL,
  `deleted_flag` tinyint(1) NOT NULL DEFAULT '0'
) ENGINE=InnoDB DEFAULT CHARSET=utf8 COLLATE=utf8_unicode_ci;

--
-- Dumping data for table `salary_master`
--

INSERT INTO `salary_master` (`id`, `member_id`, `basic_salary`, `travel_fee_perday`, `travel_fee_permonth`, `over_time`, `ssc_emp`, `ssc_comp`, `status`, `salary_start_date`, `salary_end_date`, `creator_id`, `created_dt`, `updater_id`, `updated_dt`, `deleted_flag`) VALUES
('56af17f9b27e6', '2a1e1f13-c898-11e5-9e13-4c3488333b45', 600000, 0, 0, '0', 2, 3, 0, '2015-02-01', '2016-03-31', 'admin', '2016-02-01 09:31:53', '3', '2016-02-03 14:21:12', 0),
('56b021ae82424', '76efdcbe-c897-11e5-9e13-4c3488333b45', 600000, 0, 0, '0', 2, 3, 0, '2015-01-02', '2016-03-31', 'admin', '2016-02-02 04:25:34', '3', '2016-02-03 14:21:25', 0),
('56b022443d5f8', 'ec3ddb79-c899-11e5-9e13-4c3488333b45', 500000, 1500, 0, '0', 2, 3, 0, '2017-04-01', '2016-03-31', 'admin', '2016-02-02 04:28:04', '3', '2016-02-03 11:26:54', 0),
('56b0355128c98', 'be928920-c898-11e5-9e13-4c3488333b45', 300000, 0, 0, '0', 2, 3, 0, '2017-04-01', '2016-03-31', 'admin', '2016-02-02 05:49:21', '3', '2016-02-03 08:46:54', 0),
('56b035b989bf2', '90e73464-c899-11e5-9e13-4c3488333b45', 250000, 0, 0, '0', 2, 3, 0, '2017-04-01', '2016-03-31', 'admin', '2016-02-02 05:51:05', '3', '0000-00-00 00:00:00', 0),
('56b03608211cf', 'ea40e328-c897-11e5-9e13-4c3488333b45', 250000, 0, 0, '0', 2, 3, 0, '2017-04-01', '2016-03-31', 'admin', '2016-02-02 05:52:24', '3', '2016-02-03 14:22:10', 0),
('56b0364b60ad9', '4a83516d-c898-11e5-9e13-4c3488333b45', 204000, 0, 0, '0', 2, 3, 0, '2017-04-01', '2016-03-31', 'admin', '2016-02-02 05:53:31', '3', '2016-02-03 11:54:20', 0),
('56b036d53735f', 'b1ec0e82-c897-11e5-9e13-4c3488333b45', 204000, 800, 0, '0', 2, 3, 0, '2017-04-01', '2016-03-31', 'admin', '2016-02-02 05:55:49', '3', '2016-02-03 14:00:04', 0),
('56b0374ae9aa6', 'efba9bad-c898-11e5-9e13-4c3488333b45', 204000, 1500, 0, '0', 2, 3, 0, '2017-04-01', '2016-03-31', 'admin', '2016-02-02 05:57:46', '3', '2016-02-03 08:46:00', 0),
('56b0378febbcf', '567b46b4-c899-11e5-9e13-4c3488333b45', 200000, 800, 0, '0', 2, 3, 0, '2017-04-01', '2016-03-31', 'admin', '2016-02-02 05:58:55', '3', '2016-02-03 11:54:45', 0),
('56b037d2c0652', '1b7ddc0a-c897-11e5-9e13-4c3488333b45', 200000, 0, 0, '0', 2, 3, 0, '2017-04-01', '2016-03-31', 'admin', '2016-02-02 06:00:02', '3', '2016-02-03 11:53:13', 0),
('56b0380877e4f', 'e99d4add-c896-11e5-9e13-4c3488333b45', 200000, 0, 0, '0', 2, 3, 0, '2017-04-01', '2016-03-31', 'admin', '2016-02-02 06:00:56', '3', '0000-00-00 00:00:00', 0),
('56b03841251e1', '1bb75245-c899-11e5-9e13-4c3488333b45', 200000, 0, 0, '0', 2, 3, 0, '2017-04-01', '2016-03-31', 'admin', '2016-02-02 06:01:53', '3', '2016-02-03 11:53:32', 0),
('56b03869abee7', '7913e45c-c898-11e5-9e13-4c3488333b45', 200000, 1000, 0, '0', 2, 3, 0, '2017-04-01', '2016-03-31', 'admin', '2016-02-02 06:02:33', '3', '0000-00-00 00:00:00', 0),
('56b03ae05d78e', '587efa03-c89a-11e5-9e13-4c3488333b45', 200000, 0, 0, '0', 2, 3, 0, '2017-04-01', '2016-03-31', 'admin', '2016-02-02 06:13:04', '3', '2016-02-03 11:55:09', 0),
('56b03b2d59607', '1fe9f520-c89a-11e5-9e13-4c3488333b45', 150000, 0, 0, '0', 2, 3, 0, '2017-04-01', '2016-03-31', 'admin', '2016-02-02 06:14:21', '3', '2016-02-03 11:53:52', 0),
('56b03b7e74fe4', '9bba90bc-c89a-11e5-9e13-4c3488333b45', 150000, 1500, 0, '0', 2, 3, 0, '2017-04-01', '2016-03-31', 'admin', '2016-02-02 06:15:42', '3', '2016-02-02 13:49:56', 0),
('56b03e581d8cc', '64a541d0-c96c-11e5-9396-4c3488333b45', 150000, 1000, 0, '0', 2, 3, 0, '2017-04-01', '2016-03-31', 'admin', '2016-02-02 06:27:52', '3', '0000-00-00 00:00:00', 0);

-- --------------------------------------------------------

--
-- Table structure for table `salary_master_allowance`
--

CREATE TABLE IF NOT EXISTS `salary_master_allowance` (
  `allowance_id` varchar(36) CHARACTER SET latin1 COLLATE latin1_general_ci NOT NULL,
  `member_id` varchar(36) CHARACTER SET latin1 COLLATE latin1_general_ci NOT NULL
) ENGINE=InnoDB DEFAULT CHARSET=utf8 COLLATE=utf8_unicode_ci;

-- --------------------------------------------------------

--
-- Table structure for table `salary_member_tax_deduce`
--

CREATE TABLE IF NOT EXISTS `salary_member_tax_deduce` (
`id` int(11) NOT NULL,
  `deduce_id` varchar(36) CHARACTER SET latin1 COLLATE latin1_general_ci NOT NULL,
  `member_id` varchar(36) CHARACTER SET latin1 COLLATE latin1_general_ci NOT NULL,
  `no_of_children` int(12) DEFAULT NULL,
  `creator_id` varchar(36) COLLATE utf8_unicode_ci DEFAULT NULL,
  `created_dt` datetime DEFAULT NULL,
  `updater_id` varchar(36) COLLATE utf8_unicode_ci DEFAULT NULL,
  `updated_dt` datetime DEFAULT NULL,
  `deleted_flag` tinyint(1) NOT NULL DEFAULT '0'
) ENGINE=InnoDB  DEFAULT CHARSET=utf8 COLLATE=utf8_unicode_ci AUTO_INCREMENT=92 ;

--
-- Dumping data for table `salary_member_tax_deduce`
--

INSERT INTO `salary_member_tax_deduce` (`id`, `deduce_id`, `member_id`, `no_of_children`, `creator_id`, `created_dt`, `updater_id`, `updated_dt`, `deleted_flag`) VALUES
(11, 'stay_father', '90e73464-c899-11e5-9e13-4c3488333b45', NULL, 'admin', '2016-02-02 11:21:05', '0', '0000-00-00 00:00:00', 0),
(12, 'stay_mother', '90e73464-c899-11e5-9e13-4c3488333b45', NULL, 'admin', '2016-02-02 11:21:05', '0', '0000-00-00 00:00:00', 0),
(24, 'stay_father', 'e99d4add-c896-11e5-9e13-4c3488333b45', NULL, 'admin', '2016-02-02 11:30:56', '0', '0000-00-00 00:00:00', 0),
(25, 'stay_mother', 'e99d4add-c896-11e5-9e13-4c3488333b45', NULL, 'admin', '2016-02-02 11:30:56', '0', '0000-00-00 00:00:00', 0),
(28, 'stay_father', '7913e45c-c898-11e5-9e13-4c3488333b45', NULL, 'admin', '2016-02-02 11:32:33', '0', '0000-00-00 00:00:00', 0),
(29, 'stay_mother', '7913e45c-c898-11e5-9e13-4c3488333b45', NULL, 'admin', '2016-02-02 11:32:33', '0', '0000-00-00 00:00:00', 0),
(36, 'stay_mother', '64a541d0-c96c-11e5-9396-4c3488333b45', NULL, 'admin', '2016-02-02 11:57:52', '0', '0000-00-00 00:00:00', 0),
(37, 'spouse', '9bba90bc-c89a-11e5-9e13-4c3488333b45', NULL, 'admin', '2016-02-02 13:49:56', NULL, NULL, 0),
(38, 'children', '9bba90bc-c89a-11e5-9e13-4c3488333b45', 1, 'admin', '2016-02-02 13:49:56', NULL, NULL, 0),
(39, 'stay_mother', '9bba90bc-c89a-11e5-9e13-4c3488333b45', NULL, 'admin', '2016-02-02 13:49:56', NULL, NULL, 0),
(44, 'stay_father', 'efba9bad-c898-11e5-9e13-4c3488333b45', NULL, 'admin', '2016-02-03 08:46:00', NULL, NULL, 0),
(45, 'stay_mother', 'efba9bad-c898-11e5-9e13-4c3488333b45', NULL, 'admin', '2016-02-03 08:46:00', NULL, NULL, 0),
(52, 'stay_father', 'be928920-c898-11e5-9e13-4c3488333b45', NULL, 'admin', '2016-02-03 08:46:54', NULL, NULL, 0),
(53, 'stay_mother', 'be928920-c898-11e5-9e13-4c3488333b45', NULL, 'admin', '2016-02-03 08:46:54', NULL, NULL, 0),
(73, 'stay_mother', '567b46b4-c899-11e5-9e13-4c3488333b45', NULL, 'admin', '2016-02-03 11:02:15', NULL, NULL, 0),
(74, 'stay_father', '1bb75245-c899-11e5-9e13-4c3488333b45', NULL, 'admin', '2016-02-03 11:02:34', NULL, NULL, 0),
(75, 'stay_mother', '1bb75245-c899-11e5-9e13-4c3488333b45', NULL, 'admin', '2016-02-03 11:02:34', NULL, NULL, 0),
(76, 'stay_father', '1b7ddc0a-c897-11e5-9e13-4c3488333b45', NULL, 'admin', '2016-02-03 11:03:35', NULL, NULL, 0),
(77, 'stay_mother', '1b7ddc0a-c897-11e5-9e13-4c3488333b45', NULL, 'admin', '2016-02-03 11:03:35', NULL, NULL, 0),
(78, 'stay_father', 'b1ec0e82-c897-11e5-9e13-4c3488333b45', NULL, 'admin', '2016-02-03 11:03:48', NULL, NULL, 0),
(79, 'stay_mother', 'b1ec0e82-c897-11e5-9e13-4c3488333b45', NULL, 'admin', '2016-02-03 11:03:48', NULL, NULL, 0),
(80, 'stay_father', '4a83516d-c898-11e5-9e13-4c3488333b45', NULL, 'admin', '2016-02-03 11:03:58', NULL, NULL, 0),
(81, 'stay_mother', '4a83516d-c898-11e5-9e13-4c3488333b45', NULL, 'admin', '2016-02-03 11:03:58', NULL, NULL, 0),
(82, 'stay_father', '1fe9f520-c89a-11e5-9e13-4c3488333b45', NULL, 'admin', '2016-02-03 11:24:08', NULL, NULL, 0),
(83, 'stay_mother', '1fe9f520-c89a-11e5-9e13-4c3488333b45', NULL, 'admin', '2016-02-03 11:24:08', NULL, NULL, 0),
(84, 'spouse', 'ec3ddb79-c899-11e5-9e13-4c3488333b45', NULL, 'admin', '2016-02-03 11:26:55', NULL, NULL, 0),
(85, 'children', 'ec3ddb79-c899-11e5-9e13-4c3488333b45', 1, 'admin', '2016-02-03 11:26:55', NULL, NULL, 0),
(86, 'stay_father', 'ec3ddb79-c899-11e5-9e13-4c3488333b45', NULL, 'admin', '2016-02-03 11:26:55', NULL, NULL, 0),
(87, 'stay_mother', 'ec3ddb79-c899-11e5-9e13-4c3488333b45', NULL, 'admin', '2016-02-03 11:26:55', NULL, NULL, 0),
(88, 'stay_father', '2a1e1f13-c898-11e5-9e13-4c3488333b45', NULL, 'admin', '2016-02-03 14:21:12', NULL, NULL, 0),
(89, 'stay_mother', '76efdcbe-c897-11e5-9e13-4c3488333b45', NULL, 'admin', '2016-02-03 14:21:26', NULL, NULL, 0),
(90, 'stay_father', 'ea40e328-c897-11e5-9e13-4c3488333b45', NULL, 'admin', '2016-02-03 14:22:10', NULL, NULL, 0),
(91, 'stay_mother', 'ea40e328-c897-11e5-9e13-4c3488333b45', NULL, 'admin', '2016-02-03 14:22:10', NULL, NULL, 0);

-- --------------------------------------------------------

--
-- Table structure for table `salary_taxs`
--

CREATE TABLE IF NOT EXISTS `salary_taxs` (
`id` int(36) NOT NULL,
  `taxs_from` double NOT NULL,
  `taxs_to` double NOT NULL,
  `taxs_rate` int(11) NOT NULL,
  `taxs_diff` double NOT NULL,
  `ssc_emp` int(11) NOT NULL,
  `ssc_comp` int(11) NOT NULL,
  `creator_id` varchar(36) CHARACTER SET latin1 COLLATE latin1_general_ci DEFAULT NULL,
  `created_dt` datetime DEFAULT NULL,
  `updater_id` varchar(36) COLLATE utf8_unicode_ci DEFAULT NULL,
  `updated_dt` datetime DEFAULT NULL,
  `deleted_flag` tinyint(1) NOT NULL DEFAULT '0'
) ENGINE=InnoDB  DEFAULT CHARSET=utf8 COLLATE=utf8_unicode_ci AUTO_INCREMENT=7 ;

--
-- Dumping data for table `salary_taxs`
--

INSERT INTO `salary_taxs` (`id`, `taxs_from`, `taxs_to`, `taxs_rate`, `taxs_diff`, `ssc_emp`, `ssc_comp`, `creator_id`, `created_dt`, `updater_id`, `updated_dt`, `deleted_flag`) VALUES
(1, 1, 2000000, 0, 2000000, 2, 3, NULL, '2015-07-28 00:00:00', '', '0000-00-00 00:00:00', 0),
(2, 2000001, 5000000, 5, 3000000, 2, 3, NULL, '2015-07-28 00:00:00', '', '0000-00-00 00:00:00', 0),
(3, 5000001, 10000000, 10, 5000000, 2, 3, NULL, '2015-07-28 00:00:00', '', '0000-00-00 00:00:00', 0),
(4, 10000001, 20000000, 15, 10000000, 2, 3, NULL, '2015-07-28 00:00:00', '', '0000-00-00 00:00:00', 0),
(5, 20000001, 30000000, 20, 10000000, 2, 3, NULL, '2015-07-28 00:00:00', '', '0000-00-00 00:00:00', 0),
(6, 30000001, 0, 25, 0, 2, 3, NULL, '2015-07-28 00:00:00', '', '0000-00-00 00:00:00', 0);

-- --------------------------------------------------------

--
-- Table structure for table `salary_taxs_deduction`
--

CREATE TABLE IF NOT EXISTS `salary_taxs_deduction` (
  `deduce_id` varchar(36) CHARACTER SET latin1 COLLATE latin1_general_ci NOT NULL,
  `deduce_name` varchar(36) COLLATE utf8_unicode_ci NOT NULL,
  `amount` double NOT NULL,
  `creator_id` varchar(36) CHARACTER SET latin1 COLLATE latin1_general_ci DEFAULT NULL,
  `created_dt` datetime DEFAULT NULL,
  `updater_id` varchar(36) CHARACTER SET latin1 COLLATE latin1_general_ci DEFAULT NULL,
  `updated_dt` datetime DEFAULT NULL,
  `deleted_flag` tinyint(1) NOT NULL DEFAULT '0'
) ENGINE=InnoDB DEFAULT CHARSET=utf8 COLLATE=utf8_unicode_ci;

--
-- Dumping data for table `salary_taxs_deduction`
--

INSERT INTO `salary_taxs_deduction` (`deduce_id`, `deduce_name`, `amount`, `creator_id`, `created_dt`, `updater_id`, `updated_dt`, `deleted_flag`) VALUES
('spouse', 'spouse', 1000000, '', '2015-07-25 00:00:00', '', '0000-00-00 00:00:00', 0),
('children', 'children', 500000, '', '2015-07-25 00:00:00', '', '0000-00-00 00:00:00', 0),
('stay_father', 'stay_with_father', 1000000, '', '2015-07-25 00:00:00', '', '0000-00-00 00:00:00', 0),
('stay_mother', 'stay_wiith_mother', 1000000, '', '2015-07-25 00:00:00', '', '0000-00-00 00:00:00', 0),
('life_insurance', 'life_insurance', 150000, '', '2015-07-25 00:00:00', '', '0000-00-00 00:00:00', 0);

--
-- Indexes for dumped tables
--

--
-- Indexes for table `allowances`
--
ALTER TABLE `allowances`
 ADD PRIMARY KEY (`allowance_id`);

--
-- Indexes for table `attendances`
--
ALTER TABLE `attendances`
 ADD PRIMARY KEY (`id`);

--
-- Indexes for table `calendar`
--
ALTER TABLE `calendar`
 ADD PRIMARY KEY (`id`), ADD UNIQUE KEY `id` (`id`);

--
-- Indexes for table `core_member`
--
ALTER TABLE `core_member`
 ADD PRIMARY KEY (`user_rule_member_id`), ADD UNIQUE KEY `user_rule_member_id` (`user_rule_member_id`), ADD KEY `member_login_name` (`member_login_name`), ADD KEY `user_rule_member_id_2` (`user_rule_member_id`), ADD KEY `user_rule_member_id_3` (`user_rule_member_id`);

--
-- Indexes for table `core_permission`
--
ALTER TABLE `core_permission`
 ADD PRIMARY KEY (`id`);

--
-- Indexes for table `core_permission_group`
--
ALTER TABLE `core_permission_group`
 ADD PRIMARY KEY (`idpage`), ADD UNIQUE KEY `idpage` (`idpage`);

--
-- Indexes for table `core_permission_group_id`
--
ALTER TABLE `core_permission_group_id`
 ADD PRIMARY KEY (`group_id`), ADD UNIQUE KEY `group_id` (`group_id`);

--
-- Indexes for table `core_permission_rel_member`
--
ALTER TABLE `core_permission_rel_member`
 ADD PRIMARY KEY (`rel_member_id`);

--
-- Indexes for table `forgot_password`
--
ALTER TABLE `forgot_password`
 ADD PRIMARY KEY (`ID`);

--
-- Indexes for table `for_get_user`
--
ALTER TABLE `for_get_user`
 ADD PRIMARY KEY (`token`);

--
-- Indexes for table `leaves`
--
ALTER TABLE `leaves`
 ADD PRIMARY KEY (`id`);

--
-- Indexes for table `salary_detail`
--
ALTER TABLE `salary_detail`
 ADD PRIMARY KEY (`id`);

--
-- Indexes for table `salary_member_tax_deduce`
--
ALTER TABLE `salary_member_tax_deduce`
 ADD PRIMARY KEY (`id`);

--
-- Indexes for table `salary_taxs`
--
ALTER TABLE `salary_taxs`
 ADD PRIMARY KEY (`id`);

--
-- AUTO_INCREMENT for dumped tables
--

--
-- AUTO_INCREMENT for table `attendances`
--
ALTER TABLE `attendances`
MODIFY `id` int(11) NOT NULL AUTO_INCREMENT,AUTO_INCREMENT=1078;
--
-- AUTO_INCREMENT for table `calendar`
--
ALTER TABLE `calendar`
MODIFY `id` int(11) NOT NULL AUTO_INCREMENT;
--
-- AUTO_INCREMENT for table `core_member`
--
ALTER TABLE `core_member`
MODIFY `user_rule_member_id` int(50) NOT NULL AUTO_INCREMENT,AUTO_INCREMENT=88;
--
-- AUTO_INCREMENT for table `core_permission_group`
--
ALTER TABLE `core_permission_group`
MODIFY `idpage` int(50) NOT NULL AUTO_INCREMENT,AUTO_INCREMENT=48;
--
-- AUTO_INCREMENT for table `core_permission_group_id`
--
ALTER TABLE `core_permission_group_id`
MODIFY `group_id` int(50) NOT NULL AUTO_INCREMENT,AUTO_INCREMENT=6;
--
-- AUTO_INCREMENT for table `forgot_password`
--
ALTER TABLE `forgot_password`
MODIFY `ID` int(11) NOT NULL AUTO_INCREMENT;
--
-- AUTO_INCREMENT for table `leaves`
--
ALTER TABLE `leaves`
MODIFY `id` int(11) NOT NULL AUTO_INCREMENT;
--
-- AUTO_INCREMENT for table `salary_member_tax_deduce`
--
ALTER TABLE `salary_member_tax_deduce`
MODIFY `id` int(11) NOT NULL AUTO_INCREMENT,AUTO_INCREMENT=92;
--
-- AUTO_INCREMENT for table `salary_taxs`
--
ALTER TABLE `salary_taxs`
MODIFY `id` int(36) NOT NULL AUTO_INCREMENT,AUTO_INCREMENT=7;
/*!40101 SET CHARACTER_SET_CLIENT=@OLD_CHARACTER_SET_CLIENT */;
/*!40101 SET CHARACTER_SET_RESULTS=@OLD_CHARACTER_SET_RESULTS */;
/*!40101 SET COLLATION_CONNECTION=@OLD_COLLATION_CONNECTION */;
